X,Y,Name,description,gx_media_links
10.20998,56.156489,Bispetorvet plaza,"<img src=""https://lh3.googleusercontent.com/umsh/AFiHsUGatUJPP939ZbKHJ1M7JiPDXrtNFfhe6bsnBmiPorDofPEvRW4aplKeSgGPuVksCr3nBiGILlFDFQNZ4erXBd0ajoHdhB1X7wAHJYU1g5HWfXV0O_AR6tK6tEs8zeqGPBSYN5VqBDDuMfihPHpEgzUxh2DR98Vm4aLiqINFYHMwFJ0ThVNCVk8te90A7ZOS8o4hggR3Ch-_c0FQLpyjs5b9u6fXJ4i-Z-KGWKQbYOwGpPIlt2LfCsuzhMUkew-iijkfNQlMJhrHjs5S7ZzwZaATfCSI_VprH2WfnFFWlMW7TMP6twHL8M1lPtl61SG3zxbiBGybMC8W3dpaqv45sUukV3O4T1bi9fqZte3vAjVIswAL3zwiKopUoEHTVxXpeX4OHBu62mZq0F5GGcmyIVh1R-YdUUPRDNzLqP7Yt2h_16GzAQfINVhr4dgCL24I24SMh86oUDQdYnovBQU6XIZ090WmsVPcFke16TOWgmcOU-GxVGwPzaMnSCNSkQJsM1QQW7JjJUBbrnvYGd1OS-IKjr0ZrejBEdMKvdyCIN59T1PR3ezISB-9sQPHLq-W9XebjgxYXQI3aPr4NB9zEbdyUdTjFHZ9GFwLpHpEJCRyUkELdeHQx5aw9CXmVt2oi4HI2vSzGO8qs7Ljk9rLgqJ9rWChDemD5sOLbL-RPwLkc-pvN6TY7_oGMWTM8LrBe8ZUqMAJbz0n2g"" height=""200"" width=""auto"" /><br><br>More skatespots at www.topspot.global<br><br><img src=""https://lh3.googleusercontent.com/umsh/AFiHsUGKPPqPPEu_lA8SJF-dJEKkw_-qNlMwBV_ievFDNzFWWe1HrE01vz0XbobaSyF1uRg_cJsbSKilJGHKq08whccm_8C6uVSzilpPUTVyZLRYyxxA8kXFGaco8o8ZY-OU8poFywhm3kQcQRe1WNz89E1LO9mYBFFO9FXKa9nq3Be59Q92bBLwQc40v6eUKg1va5euPZCDqmDW4qcppPTTS2lIERSlddvSCGiSUCe4que08U5v37Sq7uOqIe94QI-rXlJFxJDh1-_12noZbUV47NuibJtg_QtwEKTBSISSxHoqWqmJsVjPrfHCYCy5n_jjg6v9pSa3rxBnrbQzMFNYrgzxLcewvi72ql2BFfjbByHVvwTqhmw3dfkComia6y2p1-IlAwsZmhrbfzjGcTil1QWDy5t_fV4g9Cq9MYp5eih9bbDqwdRfX3jQNJrgHJZk0SxAJVY2nCYpGStqgVTosfkzyZLtskQlOWhKe8DT9NbO3ipq-8fWmUINREwMoCEqxIGsN99oHLOqwmQPDZ3CY9_dZ0WE9ApvrKU2881St4gRiMkVQVajfhJyM5Jz0D0WE5LjhLlyOOV2vuhhhuDpzA0eUT16QZVgtBJIycQ6FC3rbj0_EaTYLHKYxEPBjOvTKszLwf-wFhkoFQ8qxoxBgUmKgi_pThsvPgbcxaCTDpYWyJ4kgvC2kglWGOc0V2UkFeTon4FrRpSfGQ"" height=""200"" width=""auto"" /><br><br><img src=""https://lh3.googleusercontent.com/umsh/AFiHsUEs4Y8xxQXhwIGfex0m5HVQ9zFPu_jYcFn_lZTJNnMZtCXIqRXSkXbGOXR0ZwCaNcVBhYEBIr7oXgGadxYiyzPpTUfZtWwrca3TIreQ9BK413WaVSUpXy0ezVr4iMub8_o-VuEy8kibUlNDENf31u88KtpQ38J90vfjagu8DgZK7tZhmHMibQY1rYvxdz42SSv6pSZ3hrrVLb2fCGkovvBggZGNEb3-2O9Zv44X5LouejvzH7gr0pCHuuRB3EskWgS4pGA0-Jhyv6BsYQ2_d6rd8ori3zuVYURrH09MzpY5Soucjy6VO5gOIL3dyEN4gnjApp68fpsk4iNNRS4CG9OD7j-A6uoVD8VVlGNB0emABnw0SjsQsLdScuAe6YobLOTXkRyTYMvLM8_vN_HhbPARj_Mbm2EYfrIF1zPIngtbK190xDq6p1ix4eU8zr5MWRi2HdDiq0bZAcvyIDZxHOfaNnuZ--_sgD175v_J9-ch0_osmKqVw1idbF1qmDjN78QC4LafKvaaZOM5FPhGd6ArCPsVpx2jEaRb1HXnKLbuzHk57bixjxs8-JV_RN6hFh2RZFJ8pebZ9DMW1hpLcR7QbW2MWsO8jrP9-rzLea_OZSzBxS6x0kIh9HFwRZE2iNeYx25wK3EkIOlYiqSZKqAu1Fa_KiD931wydJbeOGC9Dz6A1xTF_QNAqP3AQot6FzbZBNi6PHk7CA"" height=""200"" width=""auto"" /><br><br><img src=""https://lh3.googleusercontent.com/umsh/AFiHsUHlvU7B4AwA342PdbL4jUny-WqAP1f2VcnJEmOsN8CMdXEw_DTuVeMb3p-kVP0BZrDPMMdIRrs9Z0-ENQQVYN_BrGWYo7zUFk5GLp1oAVW8jtWZH3NihvFZBhrNPj-JX6S-hg1HDFvjjD4zoDevCV3flZvZ5e6tSUcf1c9TjVPF27owGftywwEiuQM11EG3r530FJPK-IBk5EMQ7yv79GNYK6UO-qQlaK_2ewJnBic0FpZz6pFrFChxIm8ojZF3DE8tOAXCsbNXPdDzgCMYiGp7rH_pRTbYnIJXHN_MnEr7oSk7R8Oyg4gGFWJ9JOJoxH1NBTBh-eMaNF1NXE2-zfm-KCwbRhxEmcAsqpDGbfcr6GFUFYyHR0WvRDwl3faJIvpgLi4mnSVGm9iuddfehW72W41B0JLJ7oz1xdd13yR9jsePiB5Qt6ieUXc-iF4k4MW5qqrrv8HHFaL7peD558KvmFohz7pBZxX9L3RDEg34tVuXm5rAht6cpxs2JdyR48Pucm6kVY-ZCsompW5gvCkxwUQZTWT_15L8uCG6qwMZ4GgUDoW5ikiN5amnUl6UcSGPrQDx5nX3bzZ7IKbKi8F1MkVKjaWcMOobhTwT7X4lF3jBCGU6Xj-6gIWmgO6DzeyG8UDgmyQoEqIzq9bk0aQnW1-yasqVgZpft3PQ0qOCvQuoZgiGIhZwfVHvV-A41R4TxgI7DBAtXA"" height=""200"" width=""auto"" /><br><br><img src=""https://lh3.googleusercontent.com/umsh/AFiHsUHO8Mj66uRQ_N6ahPJRCrvlUB78jbtx_RvVuGIkBH7TfpTo_vO7cfoe0LziaBQknivCK89vV2xKtEnHnKD2TCG-wStIxIGrMPeTmKTwr8uDMUhUgpYYs2PeWholPbA5Dk8u11ZvKGznL6UMvbHWpFfNzmkBESkYPyuwtnMUh2Yhdmpfr3gA1TCOdhL5jPcxXD2pRsSGb5HbAZpbKfoz97Y0qK9HhcrFPmjWeS8nhWnCfFf-xl_sefQpE2RAs9TPSSW4bh8hgkkDhtN8L6U9I46l58HcyqYBGTvg3R4CoXvXZZv732sQ4n_usZaMUOkFEgH_obHVJ3SVu6KzGZqoy0mZiP51AQNHKSpJtBJSv0bGbD8ypFWCzOqYQHo7hpI_V2au-_rbVkgDI0svcRERrIi_CXPfdiLPbj0_SBLxXmlPLfjPwyakGUJ-0bIZQZ6tRTTMsQxZUrmxk76G7sEk_ikh2glFGVPfavB0i5DBVvJ_Ic_ney8J53L_fAAc2_dbzhcC8ABoy5g8TybVUdLKhFsNpDmTkwgmXfVORPF6HbBHUsqDM2vzX7bvnTokrWB5ajaTkXIsdZySi-pugZuftwbf6BioWehlyIIrShWEagLMMU9RhewxAXsZ1OYwq8TAi-6n1dII3pzmS8bB6NvRcW8PwkBxwbEKFRlF4heiZO466QuSurTpWy312J7Xk7t-W7WmzKV3JE5bIg"" height=""200"" width=""auto"" /><br><br><img src=""https://lh3.googleusercontent.com/umsh/AFiHsUHjDNj_q2xYxGOK5PAFhwOsd5NpQVpj-Na2qjBGQYVL8mgxc805jaj0dm3-hkgVVr3O2Grs1U_-O61N7g9ZC8tPyyc3AVgtYjBEjr66ScYIxHygA9dElfs4j-WhGC0pFsWpz28q9pibMTpYsf512-zLPLcPJ5RLCwR__Wb9AfvniADJLA_MTrMzd4TNnhMT8ntnR2XX7QlICd9_EsBWmYM_9zro3YkF-p0ZJa5f4ODsx2XUwvsa544gfGv0UAdJG0uV65N1Ko6W-4oB_m0LiSNsnDmgwd2aGJF499RIyrTzS4qzDjvqmOmM-KXTvHSp3taNQH6DBh1Pe4Do2ZNHudQHFdsPdiJiKv-0fv20qYASoivoYJ7aucRuYxzbulYAqVeCK0WUu7hy4yfaaKbZq7ExaGuYjGC8t41pZ8epQDF5oVgoxUbGuNdQc2izDAJPafEqDqXlTgYSz4YwHJVyj1JGrO_IhXHyOB5RKxngNtYjJIG7yF3JHJMNXcVmIli1pSc9npnoFrPLM9m8aGNJlP3SH9YbzscyLhr95YgL2tNi6PQWgD_ka7-JYobFh0WrAOlHYLGd0QrRT6q7EKUhe9TbjWXsN19gW-amjfNU_BXPbMGispgLmZjxMmYLTfFtvQEWk9CY7lAg4I8XnkOghDReaNc2OBQr9nTTK6ZsIs0XKU2QuPKksHaQ5SB26PHpZu8lqMRWKyTvNA"" height=""200"" width=""auto"" />",https://lh3.googleusercontent.com/umsh/AFiHsUGatUJPP939ZbKHJ1M7JiPDXrtNFfhe6bsnBmiPorDofPEvRW4aplKeSgGPuVksCr3nBiGILlFDFQNZ4erXBd0ajoHdhB1X7wAHJYU1g5HWfXV0O_AR6tK6tEs8zeqGPBSYN5VqBDDuMfihPHpEgzUxh2DR98Vm4aLiqINFYHMwFJ0ThVNCVk8te90A7ZOS8o4hggR3Ch-_c0FQLpyjs5b9u6fXJ4i-Z-KGWKQbYOwGpPIlt2LfCsuzhMUkew-iijkfNQlMJhrHjs5S7ZzwZaATfCSI_VprH2WfnFFWlMW7TMP6twHL8M1lPtl61SG3zxbiBGybMC8W3dpaqv45sUukV3O4T1bi9fqZte3vAjVIswAL3zwiKopUoEHTVxXpeX4OHBu62mZq0F5GGcmyIVh1R-YdUUPRDNzLqP7Yt2h_16GzAQfINVhr4dgCL24I24SMh86oUDQdYnovBQU6XIZ090WmsVPcFke16TOWgmcOU-GxVGwPzaMnSCNSkQJsM1QQW7JjJUBbrnvYGd1OS-IKjr0ZrejBEdMKvdyCIN59T1PR3ezISB-9sQPHLq-W9XebjgxYXQI3aPr4NB9zEbdyUdTjFHZ9GFwLpHpEJCRyUkELdeHQx5aw9CXmVt2oi4HI2vSzGO8qs7Ljk9rLgqJ9rWChDemD5sOLbL-RPwLkc-pvN6TY7_oGMWTM8LrBe8ZUqMAJbz0n2g https://lh3.googleusercontent.com/umsh/AFiHsUGKPPqPPEu_lA8SJF-dJEKkw_-qNlMwBV_ievFDNzFWWe1HrE01vz0XbobaSyF1uRg_cJsbSKilJGHKq08whccm_8C6uVSzilpPUTVyZLRYyxxA8kXFGaco8o8ZY-OU8poFywhm3kQcQRe1WNz89E1LO9mYBFFO9FXKa9nq3Be59Q92bBLwQc40v6eUKg1va5euPZCDqmDW4qcppPTTS2lIERSlddvSCGiSUCe4que08U5v37Sq7uOqIe94QI-rXlJFxJDh1-_12noZbUV47NuibJtg_QtwEKTBSISSxHoqWqmJsVjPrfHCYCy5n_jjg6v9pSa3rxBnrbQzMFNYrgzxLcewvi72ql2BFfjbByHVvwTqhmw3dfkComia6y2p1-IlAwsZmhrbfzjGcTil1QWDy5t_fV4g9Cq9MYp5eih9bbDqwdRfX3jQNJrgHJZk0SxAJVY2nCYpGStqgVTosfkzyZLtskQlOWhKe8DT9NbO3ipq-8fWmUINREwMoCEqxIGsN99oHLOqwmQPDZ3CY9_dZ0WE9ApvrKU2881St4gRiMkVQVajfhJyM5Jz0D0WE5LjhLlyOOV2vuhhhuDpzA0eUT16QZVgtBJIycQ6FC3rbj0_EaTYLHKYxEPBjOvTKszLwf-wFhkoFQ8qxoxBgUmKgi_pThsvPgbcxaCTDpYWyJ4kgvC2kglWGOc0V2UkFeTon4FrRpSfGQ https://lh3.googleusercontent.com/umsh/AFiHsUEs4Y8xxQXhwIGfex0m5HVQ9zFPu_jYcFn_lZTJNnMZtCXIqRXSkXbGOXR0ZwCaNcVBhYEBIr7oXgGadxYiyzPpTUfZtWwrca3TIreQ9BK413WaVSUpXy0ezVr4iMub8_o-VuEy8kibUlNDENf31u88KtpQ38J90vfjagu8DgZK7tZhmHMibQY1rYvxdz42SSv6pSZ3hrrVLb2fCGkovvBggZGNEb3-2O9Zv44X5LouejvzH7gr0pCHuuRB3EskWgS4pGA0-Jhyv6BsYQ2_d6rd8ori3zuVYURrH09MzpY5Soucjy6VO5gOIL3dyEN4gnjApp68fpsk4iNNRS4CG9OD7j-A6uoVD8VVlGNB0emABnw0SjsQsLdScuAe6YobLOTXkRyTYMvLM8_vN_HhbPARj_Mbm2EYfrIF1zPIngtbK190xDq6p1ix4eU8zr5MWRi2HdDiq0bZAcvyIDZxHOfaNnuZ--_sgD175v_J9-ch0_osmKqVw1idbF1qmDjN78QC4LafKvaaZOM5FPhGd6ArCPsVpx2jEaRb1HXnKLbuzHk57bixjxs8-JV_RN6hFh2RZFJ8pebZ9DMW1hpLcR7QbW2MWsO8jrP9-rzLea_OZSzBxS6x0kIh9HFwRZE2iNeYx25wK3EkIOlYiqSZKqAu1Fa_KiD931wydJbeOGC9Dz6A1xTF_QNAqP3AQot6FzbZBNi6PHk7CA https://lh3.googleusercontent.com/umsh/AFiHsUHlvU7B4AwA342PdbL4jUny-WqAP1f2VcnJEmOsN8CMdXEw_DTuVeMb3p-kVP0BZrDPMMdIRrs9Z0-ENQQVYN_BrGWYo7zUFk5GLp1oAVW8jtWZH3NihvFZBhrNPj-JX6S-hg1HDFvjjD4zoDevCV3flZvZ5e6tSUcf1c9TjVPF27owGftywwEiuQM11EG3r530FJPK-IBk5EMQ7yv79GNYK6UO-qQlaK_2ewJnBic0FpZz6pFrFChxIm8ojZF3DE8tOAXCsbNXPdDzgCMYiGp7rH_pRTbYnIJXHN_MnEr7oSk7R8Oyg4gGFWJ9JOJoxH1NBTBh-eMaNF1NXE2-zfm-KCwbRhxEmcAsqpDGbfcr6GFUFYyHR0WvRDwl3faJIvpgLi4mnSVGm9iuddfehW72W41B0JLJ7oz1xdd13yR9jsePiB5Qt6ieUXc-iF4k4MW5qqrrv8HHFaL7peD558KvmFohz7pBZxX9L3RDEg34tVuXm5rAht6cpxs2JdyR48Pucm6kVY-ZCsompW5gvCkxwUQZTWT_15L8uCG6qwMZ4GgUDoW5ikiN5amnUl6UcSGPrQDx5nX3bzZ7IKbKi8F1MkVKjaWcMOobhTwT7X4lF3jBCGU6Xj-6gIWmgO6DzeyG8UDgmyQoEqIzq9bk0aQnW1-yasqVgZpft3PQ0qOCvQuoZgiGIhZwfVHvV-A41R4TxgI7DBAtXA https://lh3.googleusercontent.com/umsh/AFiHsUHO8Mj66uRQ_N6ahPJRCrvlUB78jbtx_RvVuGIkBH7TfpTo_vO7cfoe0LziaBQknivCK89vV2xKtEnHnKD2TCG-wStIxIGrMPeTmKTwr8uDMUhUgpYYs2PeWholPbA5Dk8u11ZvKGznL6UMvbHWpFfNzmkBESkYPyuwtnMUh2Yhdmpfr3gA1TCOdhL5jPcxXD2pRsSGb5HbAZpbKfoz97Y0qK9HhcrFPmjWeS8nhWnCfFf-xl_sefQpE2RAs9TPSSW4bh8hgkkDhtN8L6U9I46l58HcyqYBGTvg3R4CoXvXZZv732sQ4n_usZaMUOkFEgH_obHVJ3SVu6KzGZqoy0mZiP51AQNHKSpJtBJSv0bGbD8ypFWCzOqYQHo7hpI_V2au-_rbVkgDI0svcRERrIi_CXPfdiLPbj0_SBLxXmlPLfjPwyakGUJ-0bIZQZ6tRTTMsQxZUrmxk76G7sEk_ikh2glFGVPfavB0i5DBVvJ_Ic_ney8J53L_fAAc2_dbzhcC8ABoy5g8TybVUdLKhFsNpDmTkwgmXfVORPF6HbBHUsqDM2vzX7bvnTokrWB5ajaTkXIsdZySi-pugZuftwbf6BioWehlyIIrShWEagLMMU9RhewxAXsZ1OYwq8TAi-6n1dII3pzmS8bB6NvRcW8PwkBxwbEKFRlF4heiZO466QuSurTpWy312J7Xk7t-W7WmzKV3JE5bIg https://lh3.googleusercontent.com/umsh/AFiHsUHjDNj_q2xYxGOK5PAFhwOsd5NpQVpj-Na2qjBGQYVL8mgxc805jaj0dm3-hkgVVr3O2Grs1U_-O61N7g9ZC8tPyyc3AVgtYjBEjr66ScYIxHygA9dElfs4j-WhGC0pFsWpz28q9pibMTpYsf512-zLPLcPJ5RLCwR__Wb9AfvniADJLA_MTrMzd4TNnhMT8ntnR2XX7QlICd9_EsBWmYM_9zro3YkF-p0ZJa5f4ODsx2XUwvsa544gfGv0UAdJG0uV65N1Ko6W-4oB_m0LiSNsnDmgwd2aGJF499RIyrTzS4qzDjvqmOmM-KXTvHSp3taNQH6DBh1Pe4Do2ZNHudQHFdsPdiJiKv-0fv20qYASoivoYJ7aucRuYxzbulYAqVeCK0WUu7hy4yfaaKbZq7ExaGuYjGC8t41pZ8epQDF5oVgoxUbGuNdQc2izDAJPafEqDqXlTgYSz4YwHJVyj1JGrO_IhXHyOB5RKxngNtYjJIG7yF3JHJMNXcVmIli1pSc9npnoFrPLM9m8aGNJlP3SH9YbzscyLhr95YgL2tNi6PQWgD_ka7-JYobFh0WrAOlHYLGd0QrRT6q7EKUhe9TbjWXsN19gW-amjfNU_BXPbMGispgLmZjxMmYLTfFtvQEWk9CY7lAg4I8XnkOghDReaNc2OBQr9nTTK6ZsIs0XKU2QuPKksHaQ5SB26PHpZu8lqMRWKyTvNA
10.205135,56.151483,up ledge,"<img src=""https://lh3.googleusercontent.com/umsh/AFiHsUG9nHAyojSOp_7IQtOlGzH8_n-RYjHGDlZkdrwkRd86jWHZTMvIXoQbZNjYr3tKmUmwMU2jR4lbBgULWPPIuh0jgau57LIydIBafwXC22yevIOn-CcINPhJjHiK-HNOK86JS0QE3eWVs0orgDeJygQDkn0soXF-jPuG7FJ4FU8of23sremDUFOFyGOrwU6IwRxxb2-VXKuAd0-9gNAzJdrVVr6VIR8quD4s249mbxP1JLt3wo2dO8dFRsjGj2qbO9Pb2G_nmS9huI2XOzY7Vnlng6fzIaQLkIWt_mkTl9kZcbnessKfT9koeHeU0-oKaLWekKvbyXGI1qzbr_O3F5jm1Xrad5TIPltqKVVq-OSAzvANUOTZ9m3IEIQvc3RO6a_vxXCfJPET-VR1rktRlLqWYz5983RzE2E9BJ-idjRTDcSufgxzTRhnVduPBqY699culDnumkSrteqrqizg0Ii3-zUJiB_HaXsCo8dOJwRgQAyhz6FjK3YEWXjmXhuV_NWPs7sBjxEpCubn5VffcI8tyhufcZQIKcZORiM-oT1zDCRBzNt30UpdTwtla2IPg7-DIlTrzDavhg7AKcgBcKsj4vdomVx2nCG9y05q0wr5rhvhSca7hQS84uLmB8vQXunL9_aRnOM2JevOBWeZOKDOaVmx3-jhdKvTOhm_LxhskU0CwFpVBpGHe7CAPBxOeCEYfXxW7j76Jw"" height=""200"" width=""auto"" /><br><br>More skatespots at www.topspot.global<br><br><img src=""https://lh3.googleusercontent.com/umsh/AFiHsUH5mW_4K7C4suY8q1VV60l9XvYijlZdi48tDq1bnU7dt12CuSHlR6_6cP4Mf0l_kf3BzW3lhHxHfm_ziiNa-DQl5g2kWP2Tq-U-_l-mFbR6120O8BJhCrDhSdmcnKhYyI4wSzg8Xd-xwN2YUXu-DcEcSLpo7_K5AaS0ku8hir_Epa_OozPvAdFnSbxk3Yk30gFYil0rYNDwS1ImmZr3WiAaDncNe9DXdmY3jSIjYXpzQVsx_0cQaXHSJQ--S52pL-bExnFAL232PDM3TavDOC16Kd_d1GzreYCOHvkG662foLIAe7DbK7EoLeG041l1fIONLLguIAl1XKTldhffvg4v6vCZ4AKt5CsPb7WbGziy-Q6nzb6XIuetcvj4l2LrklAuCKejTVii2H2fo5aZW-dzp8NKaPTD8jvfgpfnBwTbKkrhI--QIhgAUTLPcZZ6sWuRP7xQqLb_19PSI2LlpCRKMmXFVXU3Pg1oMLfi8Jh8FnX3f24SeANsRVe0lyS64G0hkIHt7_TsjBnrtBkGHqqWXCNJF9ZF1Qm0MNgHnB8mP22iOEBKpCszIY0Kkmn21nUkBVpht7kuJHQN6U8I-foUo6l2CcK4BslZoSqEUcL3IOzm3DY8v-JdRrr-n6zzg9ND4CkSYgSfCyo4JBLz8dc8jyBer0A7-ZfsWM_YkujNd1fiDRg1Te5QoQEbgUP1geisGPelKrmuAQ"" height=""200"" width=""auto"" />",https://lh3.googleusercontent.com/umsh/AFiHsUG9nHAyojSOp_7IQtOlGzH8_n-RYjHGDlZkdrwkRd86jWHZTMvIXoQbZNjYr3tKmUmwMU2jR4lbBgULWPPIuh0jgau57LIydIBafwXC22yevIOn-CcINPhJjHiK-HNOK86JS0QE3eWVs0orgDeJygQDkn0soXF-jPuG7FJ4FU8of23sremDUFOFyGOrwU6IwRxxb2-VXKuAd0-9gNAzJdrVVr6VIR8quD4s249mbxP1JLt3wo2dO8dFRsjGj2qbO9Pb2G_nmS9huI2XOzY7Vnlng6fzIaQLkIWt_mkTl9kZcbnessKfT9koeHeU0-oKaLWekKvbyXGI1qzbr_O3F5jm1Xrad5TIPltqKVVq-OSAzvANUOTZ9m3IEIQvc3RO6a_vxXCfJPET-VR1rktRlLqWYz5983RzE2E9BJ-idjRTDcSufgxzTRhnVduPBqY699culDnumkSrteqrqizg0Ii3-zUJiB_HaXsCo8dOJwRgQAyhz6FjK3YEWXjmXhuV_NWPs7sBjxEpCubn5VffcI8tyhufcZQIKcZORiM-oT1zDCRBzNt30UpdTwtla2IPg7-DIlTrzDavhg7AKcgBcKsj4vdomVx2nCG9y05q0wr5rhvhSca7hQS84uLmB8vQXunL9_aRnOM2JevOBWeZOKDOaVmx3-jhdKvTOhm_LxhskU0CwFpVBpGHe7CAPBxOeCEYfXxW7j76Jw https://lh3.googleusercontent.com/umsh/AFiHsUH5mW_4K7C4suY8q1VV60l9XvYijlZdi48tDq1bnU7dt12CuSHlR6_6cP4Mf0l_kf3BzW3lhHxHfm_ziiNa-DQl5g2kWP2Tq-U-_l-mFbR6120O8BJhCrDhSdmcnKhYyI4wSzg8Xd-xwN2YUXu-DcEcSLpo7_K5AaS0ku8hir_Epa_OozPvAdFnSbxk3Yk30gFYil0rYNDwS1ImmZr3WiAaDncNe9DXdmY3jSIjYXpzQVsx_0cQaXHSJQ--S52pL-bExnFAL232PDM3TavDOC16Kd_d1GzreYCOHvkG662foLIAe7DbK7EoLeG041l1fIONLLguIAl1XKTldhffvg4v6vCZ4AKt5CsPb7WbGziy-Q6nzb6XIuetcvj4l2LrklAuCKejTVii2H2fo5aZW-dzp8NKaPTD8jvfgpfnBwTbKkrhI--QIhgAUTLPcZZ6sWuRP7xQqLb_19PSI2LlpCRKMmXFVXU3Pg1oMLfi8Jh8FnX3f24SeANsRVe0lyS64G0hkIHt7_TsjBnrtBkGHqqWXCNJF9ZF1Qm0MNgHnB8mP22iOEBKpCszIY0Kkmn21nUkBVpht7kuJHQN6U8I-foUo6l2CcK4BslZoSqEUcL3IOzm3DY8v-JdRrr-n6zzg9ND4CkSYgSfCyo4JBLz8dc8jyBer0A7-ZfsWM_YkujNd1fiDRg1Te5QoQEbgUP1geisGPelKrmuAQ
10.209006,56.156374,kicker,"<img src=""https://lh3.googleusercontent.com/umsh/AFiHsUHYTjYPJ3BaX9HQgtSCXO7c_mqBpMqUFc-HIt2o3l-m_E86FKXQG-CsT1q09WtEttMNLS2oLMxjO2UQH2-QXRNaoaeNjdjxJ0aCAvFSxQLZ2kCnBoUmEPnXDbgKpt3WOki0wR19uIvtPR2dNwt4ork8EZqaccj5HsILsyCUIVQolZK-lYmFlHaa-hZLEJpOuqzuRzS5haQrh65Cb_ZLik5JFMFOG8DR5Aa7lElkLoBbCquW16lRpoJ0bBhGkNYLw19KtJnFT2BkWjCr0c5iV0SvtLiHkIZvg1zdS3oubNr5WmE3jTVeo5LpYWmUqsG5XkJDC-haM6ZXlnniKJNnwsjuWqoBXQwMBCEbor4MwEIvdslouLmFZmItL557-HqAQN7_ig2rIzm7paf7TsDxHPI-pWUVtkGlwIReAF09GwDzZSOjHZgIFvYvv46X8mZbrpyywKZJuxCbHtCM8DyCzmVbz5vYuJwp94Z9_Vwu387JcV3wsG_HW7dTdPKQNbvMBAMFZ_4TsPlua1Kg8onUOQizxvXEhEwbqcCSLA2j7kOQCgGFjCx0LBfuIFbDN-esqOBUiYS0q3Z2_vSsK5A4YVMAGJBavHGPNGVMnMw5_QbCqOL_VHHAbS73pUyuwPey08wSmdWap1jogLuzRoL3P7plyIF1RtJN57HhZOg0XJeW8mgQ7rA6GE_Palwi0Hods8aV8dlNutotmg"" height=""200"" width=""auto"" /><br><br>More skatespots at www.topspot.global",https://lh3.googleusercontent.com/umsh/AFiHsUHYTjYPJ3BaX9HQgtSCXO7c_mqBpMqUFc-HIt2o3l-m_E86FKXQG-CsT1q09WtEttMNLS2oLMxjO2UQH2-QXRNaoaeNjdjxJ0aCAvFSxQLZ2kCnBoUmEPnXDbgKpt3WOki0wR19uIvtPR2dNwt4ork8EZqaccj5HsILsyCUIVQolZK-lYmFlHaa-hZLEJpOuqzuRzS5haQrh65Cb_ZLik5JFMFOG8DR5Aa7lElkLoBbCquW16lRpoJ0bBhGkNYLw19KtJnFT2BkWjCr0c5iV0SvtLiHkIZvg1zdS3oubNr5WmE3jTVeo5LpYWmUqsG5XkJDC-haM6ZXlnniKJNnwsjuWqoBXQwMBCEbor4MwEIvdslouLmFZmItL557-HqAQN7_ig2rIzm7paf7TsDxHPI-pWUVtkGlwIReAF09GwDzZSOjHZgIFvYvv46X8mZbrpyywKZJuxCbHtCM8DyCzmVbz5vYuJwp94Z9_Vwu387JcV3wsG_HW7dTdPKQNbvMBAMFZ_4TsPlua1Kg8onUOQizxvXEhEwbqcCSLA2j7kOQCgGFjCx0LBfuIFbDN-esqOBUiYS0q3Z2_vSsK5A4YVMAGJBavHGPNGVMnMw5_QbCqOL_VHHAbS73pUyuwPey08wSmdWap1jogLuzRoL3P7plyIF1RtJN57HhZOg0XJeW8mgQ7rA6GE_Palwi0Hods8aV8dlNutotmg
12.570381,55.668207,banks & deathbank,"<img src=""https://lh3.googleusercontent.com/umsh/AFiHsUESVuGKQ57Hu0UhSTQ_ToNFI2IG17eK4zKsGqsrkBZJl8VPG1DskvaP1AQIyOMlKTR3C8KJm6vPg-j92hUV-ItvNqXleL2fX-seEp9jcnQmkNbhuvfhHjXT4gBBgbB9eKvEgylJIxmJSozkTgOUki1jTsQvQPbEXd8-ZlSHKF1iDEICT8xhvXYyJKPLuIKyEiRYjacPYrXzTmQgJ42E1vQC9NRa3ralSL0TihLn5W3izxBB_Fj6v2LOt9u6CCyWz5v_Vb2myNkXIBKTQn-HvqmxUJTBiFoJJwpj86PDGOTzl-N-Hob9WiFLSSYpT8dCaEgl5pxmSWB3hTILi4XVvxsNg5j36tH5LyxEnNgEQnDrbdeb4hAJgPAX-vTHk_kJw9gS9K_Ox2OEBr8RuBsahjMOftjhR_GKkBA8rJbwCQvfeHdztL3x3D-YPkS5LPtCdw-MwtWTmRZ1_Gj5hKC9oPJ1ZrVx8nMf2kmyt85U_7X8pLiLDza1dxyhwIBCOLbizJmyovxY8-4VpdgvB_rW7F7PlEF6K66UVHNhUdY8efctTH9iVL13d3CaBjJJ16k_APzqJcrDLaQ8iqbhChyTSvSLyJkCE3wGR3JWWRHX1aT6PC7MlTBtxwe0UKrwlxiyV6WTFR40QQElyzHSwICOQ22eor0KVnG9li2eoQAft_yQSOuocxHPzifcq2l0DXmRjsoDjjRX0Ty54g"" height=""200"" width=""auto"" /><br><br>More skatespots at www.topspot.global",https://lh3.googleusercontent.com/umsh/AFiHsUESVuGKQ57Hu0UhSTQ_ToNFI2IG17eK4zKsGqsrkBZJl8VPG1DskvaP1AQIyOMlKTR3C8KJm6vPg-j92hUV-ItvNqXleL2fX-seEp9jcnQmkNbhuvfhHjXT4gBBgbB9eKvEgylJIxmJSozkTgOUki1jTsQvQPbEXd8-ZlSHKF1iDEICT8xhvXYyJKPLuIKyEiRYjacPYrXzTmQgJ42E1vQC9NRa3ralSL0TihLn5W3izxBB_Fj6v2LOt9u6CCyWz5v_Vb2myNkXIBKTQn-HvqmxUJTBiFoJJwpj86PDGOTzl-N-Hob9WiFLSSYpT8dCaEgl5pxmSWB3hTILi4XVvxsNg5j36tH5LyxEnNgEQnDrbdeb4hAJgPAX-vTHk_kJw9gS9K_Ox2OEBr8RuBsahjMOftjhR_GKkBA8rJbwCQvfeHdztL3x3D-YPkS5LPtCdw-MwtWTmRZ1_Gj5hKC9oPJ1ZrVx8nMf2kmyt85U_7X8pLiLDza1dxyhwIBCOLbizJmyovxY8-4VpdgvB_rW7F7PlEF6K66UVHNhUdY8efctTH9iVL13d3CaBjJJ16k_APzqJcrDLaQ8iqbhChyTSvSLyJkCE3wGR3JWWRHX1aT6PC7MlTBtxwe0UKrwlxiyV6WTFR40QQElyzHSwICOQ22eor0KVnG9li2eoQAft_yQSOuocxHPzifcq2l0DXmRjsoDjjRX0Ty54g
12.565138,55.679074,jarmers plaza,"<img src=""https://lh3.googleusercontent.com/umsh/AFiHsUFuJ0NHoVqK3hQvw9Kqsze4mVELw2XuyjXxF1_4k8gUUu9EkZp1zatkSido4liGnpzs6CAaBsKcksQxfsBE1ZUdFFHuRA6OyVzFPDTLvu7jQlx5ELsFDtai-m6qWfZCpDDblsS-NhbN7fK7J5TOhjtQi2IBVYJafX95X6rYXnZIX8Ba_F06miw6CZJ8xHbzhdO4XEZj7HpFp9lBaxgw-U-9NDv585mw1KVzghGAGXkmFk45SbQN07HUuFKP48oIIq011sfi0tmqcP40dWOHE8J-WLEbC0e3dWckHgrZGUolTmZdc8sDnK4OkIUk-Y9EoRJQT6GZj_DrP6_E3eQY1MgKVK6RX6aaQ9crZL5NiuCE_916J5h7IHd4QngP8Orj1WOPX5Zh7uJcnUABce82Tq0-ZtVsb4-wOo7ABx8okZKVZgMRkH8e6Ig0PBZB8sAz_9px7CO_hlRihgr2advqdM2M782TEShAMBoi6bDpz0PR_SsLv4OdcPnc1Jn60Sh4p3cwEt9nVRlDNi-m20GPqjl3ZE9FJzJxuYU6H-2RNmuojA9PKdz1g-4pWyEeYV5JNdmhGZE2_iiZBsBXz39JNGjUReav4smy21p3usN5LP9SZAoiexic9f9860gXGtC1jPYSkFt7DK9UaDQc0fE4M1wuTk_sfdZYLcFcy7xSLvIrESCXpabKU2ujS63Lmv5FeZJoI3BgnOqUzQ"" height=""200"" width=""auto"" /><br><br>More skatespots at www.topspot.global",https://lh3.googleusercontent.com/umsh/AFiHsUFuJ0NHoVqK3hQvw9Kqsze4mVELw2XuyjXxF1_4k8gUUu9EkZp1zatkSido4liGnpzs6CAaBsKcksQxfsBE1ZUdFFHuRA6OyVzFPDTLvu7jQlx5ELsFDtai-m6qWfZCpDDblsS-NhbN7fK7J5TOhjtQi2IBVYJafX95X6rYXnZIX8Ba_F06miw6CZJ8xHbzhdO4XEZj7HpFp9lBaxgw-U-9NDv585mw1KVzghGAGXkmFk45SbQN07HUuFKP48oIIq011sfi0tmqcP40dWOHE8J-WLEbC0e3dWckHgrZGUolTmZdc8sDnK4OkIUk-Y9EoRJQT6GZj_DrP6_E3eQY1MgKVK6RX6aaQ9crZL5NiuCE_916J5h7IHd4QngP8Orj1WOPX5Zh7uJcnUABce82Tq0-ZtVsb4-wOo7ABx8okZKVZgMRkH8e6Ig0PBZB8sAz_9px7CO_hlRihgr2advqdM2M782TEShAMBoi6bDpz0PR_SsLv4OdcPnc1Jn60Sh4p3cwEt9nVRlDNi-m20GPqjl3ZE9FJzJxuYU6H-2RNmuojA9PKdz1g-4pWyEeYV5JNdmhGZE2_iiZBsBXz39JNGjUReav4smy21p3usN5LP9SZAoiexic9f9860gXGtC1jPYSkFt7DK9UaDQc0fE4M1wuTk_sfdZYLcFcy7xSLvIrESCXpabKU2ujS63Lmv5FeZJoI3BgnOqUzQ
12.543807,55.703595,banks,"<img src=""https://lh3.googleusercontent.com/umsh/AFiHsUHxnsopeyvR03V8zpXhScizPOsIrbWCng1CjbfAfDnyASc4G95BS8qfsVfD1odAMLHNlmL0NnNbfKQEILm9Zp_4vqjmVNVxZUbB6CPldb5JWWLZBeHearrprEOCVKBUkZEDUxqSkn7YC9sdj9sfVwrxBY3LA0gJ8Olq8-IIpO2AHhQOc1MoQg0vJqGUJ4P_iBn-YD_NXv8LgVa9QuXc-Mt9dbQH8ErHFuLQWCxc9mOSGycVaYSeX1IHJWYWGma0f00PXfllHw9HHz8p9VuqWC2TGmd14caC9wdY7dTZhjQRPDe_fpyAOdA0BJRtJARaqjRj6wv6_BFUD_NxY5YGv9-swUJjPM7I-tmd8O1WwYTFr1S0ipCKSjSbaO6sgFRXRs3dATmBGVQaabS7_emXEfamlHPuAbWnAm-RBL-Znbc_KNs-wYcUmlQn6mb_TQEER1RLugGoVBZF-HZlz7fWwG-YCgqJ1sjYRU8TJ54G5SiF7jFf9V0AAog9BhAm1IowAOQEDbALZ-QS-MwpXUAwMmes8VQiMFN6XTXqlBbD2H5yx_j_nf-1E2w9njR-NsiBdzF8Fu7iiURTebQJXbRbqEj2o0ozzOO-0E4Rx4xQPfQETpkTeYMwrXQ_dFb3QT1L5-J6YceEtrWLSyo-_Fj6zpnednyf8GnSJ0U8geDxE41_hwEKCeC-BrzpyqHzmqcXDe16YYurR51Q"" height=""200"" width=""auto"" /><br><br>More skatespots at www.topspot.global<br><br><img src=""https://lh3.googleusercontent.com/umsh/AFiHsUGP3co0rhCTRSA1HJ-44SkRNm3R6IGsm8PABOYOpj0gn3kxB97E6Ey7P1AHwajAcqKRyoTKcT5nZV4tvkiLKc2IPknaUxOOiH9W4Z72jw1I1UD1E-HLpNleiEx54mbhNzQJbMN3ReTXG9JNrSBCP_kppeO3M5F7072860KyXlxB-hRk_Ed02u2mB2f5KbHTufNqNsBes4kccEFcRJxa8FAZs2JbL0wtg25xF_VrCEnA1j9EyFONL6aL7Ri8WaAbmfPV4QSour1KXVq1xhXLXo13qfGxfsJOUSfh990FM-rlurVdZY1RrlHpDhSo4VmATMHHAAsZlX4zj8JDPLzkKdMAvJlzn1X5eFf3-aIqzAVt-K1nqNldAP8GsRw8W_DA252ZjdGz8Kh4ZHTaV4UqcoVTR1ICIXREyt1k-tQfeH2xqYX_d3vLheyTb5SEQqoxYqikanSSUm7a6q6zmoDtIvk8YEHXKBFWT8hUiHr9mEyVT0FnZ3G4jA_lm2_Dn5ciVO2qkVOXlL1VQwwucFFw19Z4yzy0Ln2Af9UH5NjJBfguAWyWRDpdfGiLBoO3VSxuLjqPOzBNun9wWaObbpjppbempjr27qhPdKzy5rl-EzhptWFLKNRwOSw0LvspcER8KLIlQUDYVlOVtA8bTmQNd5CI3yc8zeYczZAVeJOfjEzlaMjU5vGkV1hDjEZoH3mRMMBgWIZRQLWe"" height=""200"" width=""auto"" /><br><br><img src=""https://lh3.googleusercontent.com/umsh/AFiHsUG6UNpgA6cyU4ciyNBez-X17CrjInizN-oBy4zWYgdx-ZytYrq3X6FtgszZuR3GAV5eEI26Ae72g3ZpKH_E6QGmNR_rcwSzhBV3MFIQSuRh8HkSV_vbdAwyPNB6ewiJnqfbKeIBQQq_L9UTcT1-fppC6g1ue4X_uNgSN0_DF_8uNMkJhi5t6FXDYdZaXGT5-3uo0FBDWrVc_IPymFvVXfT-cbPiUhrK95qusfhHDvsoB_LfF70Y92Qm1Q-rx-oE1YzmSyLepEOKRJBrE0GSMF-wnCaCpIVxekiWIcypOeOU3Htx4UtxYqwwIX2ZFgmP52J8y4CvtaMALLuMay30O_S0DV0z0XLanwWLjXL4J68HdzU8-t1UJn7btIeSUxYoiUHd7uekR-k62fluJbGh2RKPKmSQTxsKwMFoMNvyBuLCZxZOVZqSmMPC1mXIW7qGl2Vq2uKNnx_upTjNOUhCrxENtOLRqWpUfZiky25_ld07BvUJV8SRq5SdmwToEUJ_iNU8nU5tKEyELo8jzhtQlwUBS6ZPPtPdq74PM3VMYwFCDocBayIGhalfPIlxkkDwuZwyyescqzaPNnX-VA7xAYOANePYh30hi4b_87E9Me-hLlRfFKGI34DTBwmrme33hyB4gBIJK4igYbWpu7xvIf00HvltvMAjk-QS6PYk9ipPlo0HYoBM4ZYxQG1j7KgwmMaP75RLUecQ1A"" height=""200"" width=""auto"" />",https://lh3.googleusercontent.com/umsh/AFiHsUHxnsopeyvR03V8zpXhScizPOsIrbWCng1CjbfAfDnyASc4G95BS8qfsVfD1odAMLHNlmL0NnNbfKQEILm9Zp_4vqjmVNVxZUbB6CPldb5JWWLZBeHearrprEOCVKBUkZEDUxqSkn7YC9sdj9sfVwrxBY3LA0gJ8Olq8-IIpO2AHhQOc1MoQg0vJqGUJ4P_iBn-YD_NXv8LgVa9QuXc-Mt9dbQH8ErHFuLQWCxc9mOSGycVaYSeX1IHJWYWGma0f00PXfllHw9HHz8p9VuqWC2TGmd14caC9wdY7dTZhjQRPDe_fpyAOdA0BJRtJARaqjRj6wv6_BFUD_NxY5YGv9-swUJjPM7I-tmd8O1WwYTFr1S0ipCKSjSbaO6sgFRXRs3dATmBGVQaabS7_emXEfamlHPuAbWnAm-RBL-Znbc_KNs-wYcUmlQn6mb_TQEER1RLugGoVBZF-HZlz7fWwG-YCgqJ1sjYRU8TJ54G5SiF7jFf9V0AAog9BhAm1IowAOQEDbALZ-QS-MwpXUAwMmes8VQiMFN6XTXqlBbD2H5yx_j_nf-1E2w9njR-NsiBdzF8Fu7iiURTebQJXbRbqEj2o0ozzOO-0E4Rx4xQPfQETpkTeYMwrXQ_dFb3QT1L5-J6YceEtrWLSyo-_Fj6zpnednyf8GnSJ0U8geDxE41_hwEKCeC-BrzpyqHzmqcXDe16YYurR51Q https://lh3.googleusercontent.com/umsh/AFiHsUGP3co0rhCTRSA1HJ-44SkRNm3R6IGsm8PABOYOpj0gn3kxB97E6Ey7P1AHwajAcqKRyoTKcT5nZV4tvkiLKc2IPknaUxOOiH9W4Z72jw1I1UD1E-HLpNleiEx54mbhNzQJbMN3ReTXG9JNrSBCP_kppeO3M5F7072860KyXlxB-hRk_Ed02u2mB2f5KbHTufNqNsBes4kccEFcRJxa8FAZs2JbL0wtg25xF_VrCEnA1j9EyFONL6aL7Ri8WaAbmfPV4QSour1KXVq1xhXLXo13qfGxfsJOUSfh990FM-rlurVdZY1RrlHpDhSo4VmATMHHAAsZlX4zj8JDPLzkKdMAvJlzn1X5eFf3-aIqzAVt-K1nqNldAP8GsRw8W_DA252ZjdGz8Kh4ZHTaV4UqcoVTR1ICIXREyt1k-tQfeH2xqYX_d3vLheyTb5SEQqoxYqikanSSUm7a6q6zmoDtIvk8YEHXKBFWT8hUiHr9mEyVT0FnZ3G4jA_lm2_Dn5ciVO2qkVOXlL1VQwwucFFw19Z4yzy0Ln2Af9UH5NjJBfguAWyWRDpdfGiLBoO3VSxuLjqPOzBNun9wWaObbpjppbempjr27qhPdKzy5rl-EzhptWFLKNRwOSw0LvspcER8KLIlQUDYVlOVtA8bTmQNd5CI3yc8zeYczZAVeJOfjEzlaMjU5vGkV1hDjEZoH3mRMMBgWIZRQLWe https://lh3.googleusercontent.com/umsh/AFiHsUG6UNpgA6cyU4ciyNBez-X17CrjInizN-oBy4zWYgdx-ZytYrq3X6FtgszZuR3GAV5eEI26Ae72g3ZpKH_E6QGmNR_rcwSzhBV3MFIQSuRh8HkSV_vbdAwyPNB6ewiJnqfbKeIBQQq_L9UTcT1-fppC6g1ue4X_uNgSN0_DF_8uNMkJhi5t6FXDYdZaXGT5-3uo0FBDWrVc_IPymFvVXfT-cbPiUhrK95qusfhHDvsoB_LfF70Y92Qm1Q-rx-oE1YzmSyLepEOKRJBrE0GSMF-wnCaCpIVxekiWIcypOeOU3Htx4UtxYqwwIX2ZFgmP52J8y4CvtaMALLuMay30O_S0DV0z0XLanwWLjXL4J68HdzU8-t1UJn7btIeSUxYoiUHd7uekR-k62fluJbGh2RKPKmSQTxsKwMFoMNvyBuLCZxZOVZqSmMPC1mXIW7qGl2Vq2uKNnx_upTjNOUhCrxENtOLRqWpUfZiky25_ld07BvUJV8SRq5SdmwToEUJ_iNU8nU5tKEyELo8jzhtQlwUBS6ZPPtPdq74PM3VMYwFCDocBayIGhalfPIlxkkDwuZwyyescqzaPNnX-VA7xAYOANePYh30hi4b_87E9Me-hLlRfFKGI34DTBwmrme33hyB4gBIJK4igYbWpu7xvIf00HvltvMAjk-QS6PYk9ipPlo0HYoBM4ZYxQG1j7KgwmMaP75RLUecQ1A
12.542485,55.70104,other,"<img src=""https://lh3.googleusercontent.com/umsh/AFiHsUFdF9XTRcjaKhiTFwUVokFFX8G8QZBcowaMRzD-nXLWDeXYPIETspxyp87cjOq1HArjJkWPZpadaI4QmnFOvfkkRsx4y6hFoyHMkNlXnQcvkxrUnEBcwWEsI7_fewAy9W9p_7pzUqjYrktSqF5RGUNtKgOjzpBq7XgIaVgtCGTDWUqLaqQwoy_pat6tUy8dHw1zjy2FRatXm04qd0Wx8fdrq9AduWE1X1Hwin_nfCGsLDvDw-ajNb-pk7ZWCkWgSp9BBLWbhfAi5iA9WXW64CdfrYIrVF9LQc2Q_4XG7QD78QhGqBpg3mnNA82hwfd4-0aIF0T2WgbBN2hVHzq1QO02GohuQsuA3BZKKlBeFVaX17qf-bQsR3w616trR8mAC7JP7W5VT20kk4YfyOydO-SwcWnmdhJLFTcxpdFqsFqnZqXuS2XyOSIInqJJRtaWPs8IEkUBXoIONzlWt3KLdg3Wwamx-T74DwscbdFockUKJ504m7BQQcO18lXpdONXKsqx14M3nxVj07aHtNpAhZssyAKCEIF-ev5flJv46VrNsLbi9PMCc_dNFIpVFbdpO5j_phfa7RI1WmsYKMAEYtO3GGfjQWJpMx75FMDsJD3HKPHuVGakDsmXGXj3oykz8kPnOGn2Pj9qWDQZoUCeARwgfZkVwEPt7QbIVw3XUAhXG3Z55QnvyNtwsIxG7-wHPnXbJKRYg88T"" height=""200"" width=""auto"" /><br><br>More skatespots at www.topspot.global",https://lh3.googleusercontent.com/umsh/AFiHsUFdF9XTRcjaKhiTFwUVokFFX8G8QZBcowaMRzD-nXLWDeXYPIETspxyp87cjOq1HArjJkWPZpadaI4QmnFOvfkkRsx4y6hFoyHMkNlXnQcvkxrUnEBcwWEsI7_fewAy9W9p_7pzUqjYrktSqF5RGUNtKgOjzpBq7XgIaVgtCGTDWUqLaqQwoy_pat6tUy8dHw1zjy2FRatXm04qd0Wx8fdrq9AduWE1X1Hwin_nfCGsLDvDw-ajNb-pk7ZWCkWgSp9BBLWbhfAi5iA9WXW64CdfrYIrVF9LQc2Q_4XG7QD78QhGqBpg3mnNA82hwfd4-0aIF0T2WgbBN2hVHzq1QO02GohuQsuA3BZKKlBeFVaX17qf-bQsR3w616trR8mAC7JP7W5VT20kk4YfyOydO-SwcWnmdhJLFTcxpdFqsFqnZqXuS2XyOSIInqJJRtaWPs8IEkUBXoIONzlWt3KLdg3Wwamx-T74DwscbdFockUKJ504m7BQQcO18lXpdONXKsqx14M3nxVj07aHtNpAhZssyAKCEIF-ev5flJv46VrNsLbi9PMCc_dNFIpVFbdpO5j_phfa7RI1WmsYKMAEYtO3GGfjQWJpMx75FMDsJD3HKPHuVGakDsmXGXj3oykz8kPnOGn2Pj9qWDQZoUCeARwgfZkVwEPt7QbIVw3XUAhXG3Z55QnvyNtwsIxG7-wHPnXbJKRYg88T
12.542748,55.701438,big bank,"<img src=""https://lh3.googleusercontent.com/umsh/AFiHsUFk8ZJqpadFiTuavievb0NgGC-7RgO6LIKndQgxe9A1CLeZnuv6yKru3-JTqCVYbEXSQWxPizQW6tqUCZFZ3u7bTjVWJn8XslVR8IDsgMIZ4tQ6G3dMynx0wEEX6F14rW1hnLEwtd6S9dN6r2f6pGUIn8wYa4FshbmM6eCzDBZvIuJExDf8C1ADK31daXCFim6YIj6bAsnpwwfbWjOQMa1GzxSMhOT98n_8OZhtVqnEoqKsDQrlgLMI0tkNZeD97Ed5ccrD_wQbH4Cmth7N3VWPhGfHiOYESWcYTWq5-qPO6ZgpSH9XtXeqfJRqjwvKI-bvqfuzXW3-xdSQsLBlkRbgkHVisHXpRM3C3Mwk-AK_8d5c8rcILjr1A7GLukVIV_7LE-hqzeXrlckjnm7LWZZfNiO_4D9lNevSP_k7IOCVxnrMWRScqZGrI1qpPlS7irpXlv1THW13AcEDkv7TaMSRCq2TriOJR6AZgs1-aEnEcT6DPhjHTrC7xw4tBz2mGxmQK2Zr19C3lzTZtY3C8Qf8CZkkmKph8IPTfD899_oLqheukiiYIe4KN_2I1l5VaDvpHdS11ElAmTZC-di5baIpJBNPaBTc1Xndq6Gj4E46u89yL5SlAuoJRQbRdw5-_ahKSexvnRQfc4O0_VKqgc6qlcUmjPQCqAhnJL_JZp9fe6xOXg9mFbaZHd1nD3PmyFcv25XZamojvg"" height=""200"" width=""auto"" /><br><br>More skatespots at www.topspot.global",https://lh3.googleusercontent.com/umsh/AFiHsUFk8ZJqpadFiTuavievb0NgGC-7RgO6LIKndQgxe9A1CLeZnuv6yKru3-JTqCVYbEXSQWxPizQW6tqUCZFZ3u7bTjVWJn8XslVR8IDsgMIZ4tQ6G3dMynx0wEEX6F14rW1hnLEwtd6S9dN6r2f6pGUIn8wYa4FshbmM6eCzDBZvIuJExDf8C1ADK31daXCFim6YIj6bAsnpwwfbWjOQMa1GzxSMhOT98n_8OZhtVqnEoqKsDQrlgLMI0tkNZeD97Ed5ccrD_wQbH4Cmth7N3VWPhGfHiOYESWcYTWq5-qPO6ZgpSH9XtXeqfJRqjwvKI-bvqfuzXW3-xdSQsLBlkRbgkHVisHXpRM3C3Mwk-AK_8d5c8rcILjr1A7GLukVIV_7LE-hqzeXrlckjnm7LWZZfNiO_4D9lNevSP_k7IOCVxnrMWRScqZGrI1qpPlS7irpXlv1THW13AcEDkv7TaMSRCq2TriOJR6AZgs1-aEnEcT6DPhjHTrC7xw4tBz2mGxmQK2Zr19C3lzTZtY3C8Qf8CZkkmKph8IPTfD899_oLqheukiiYIe4KN_2I1l5VaDvpHdS11ElAmTZC-di5baIpJBNPaBTc1Xndq6Gj4E46u89yL5SlAuoJRQbRdw5-_ahKSexvnRQfc4O0_VKqgc6qlcUmjPQCqAhnJL_JZp9fe6xOXg9mFbaZHd1nD3PmyFcv25XZamojvg
12.542456,55.69961,plaza,"<img src=""https://lh3.googleusercontent.com/umsh/AFiHsUE7EHv9eF2nfItGfNnZ8bb3BU1usC8OyG7tqEPGW84cTKxBWpK87He5cf0Z86y2IaKYp4_-bdNsZOpwrX4Lf9yeRJf_kK8ofM0Hwe_Kd4mUB892F9V6Xyo8O1tJVff83Ok49tSiOfWF7fiJRuTpjiw7QuRv9Aw0YPhWbZhhE1PifRDm9kWokXC4RmPHmQ4yZgv12LvKFt8J9Vm3rdmW-58flO7yJgYLV1mxBS47yxUMtAGAUoQA5sv2p7Ub3aelfWsZj8244DwW4VsnI-H4YKd2WmATroheB7S47_K_yKV3MaWINdyKCL3wJRigdPPcq3AH73EqGBUo_v9QJonjbR5TsgZqGuxUtSliuAv3ectxOsmn5US9n2ytmFYQM4tN-8slnDbSOKp82Fey7InImwh49iyR_5FEtHgAncASZIYVDruae7tDBiY5ZFOdvoNCy58zp80SPZ6u9rpj4Krx4XdtRT-FsmdA7L7kb8kRvYIUwSV0KaiUGrgptF4K08nRWfqmU_lY46BBOs4kvOWG85rZ5JrZmTJj9OiMrFarDvjtIwvwIikV4-4T3ilyv80jjzZDfcR_NwvAVGcAS4C8XgMNlIznJIQ_ZSWYzOTfixorK8Bk4CvXdU-y41PVKFkNDSIlYofrjbSAgi0CQukWjXunvuahO2Tu-ooC53pL7_1wmabVugJQ-p7eYEDldHUi7PLESqXWj-QzFg"" height=""200"" width=""auto"" /><br><br>More skatespots at www.topspot.global",https://lh3.googleusercontent.com/umsh/AFiHsUE7EHv9eF2nfItGfNnZ8bb3BU1usC8OyG7tqEPGW84cTKxBWpK87He5cf0Z86y2IaKYp4_-bdNsZOpwrX4Lf9yeRJf_kK8ofM0Hwe_Kd4mUB892F9V6Xyo8O1tJVff83Ok49tSiOfWF7fiJRuTpjiw7QuRv9Aw0YPhWbZhhE1PifRDm9kWokXC4RmPHmQ4yZgv12LvKFt8J9Vm3rdmW-58flO7yJgYLV1mxBS47yxUMtAGAUoQA5sv2p7Ub3aelfWsZj8244DwW4VsnI-H4YKd2WmATroheB7S47_K_yKV3MaWINdyKCL3wJRigdPPcq3AH73EqGBUo_v9QJonjbR5TsgZqGuxUtSliuAv3ectxOsmn5US9n2ytmFYQM4tN-8slnDbSOKp82Fey7InImwh49iyR_5FEtHgAncASZIYVDruae7tDBiY5ZFOdvoNCy58zp80SPZ6u9rpj4Krx4XdtRT-FsmdA7L7kb8kRvYIUwSV0KaiUGrgptF4K08nRWfqmU_lY46BBOs4kvOWG85rZ5JrZmTJj9OiMrFarDvjtIwvwIikV4-4T3ilyv80jjzZDfcR_NwvAVGcAS4C8XgMNlIznJIQ_ZSWYzOTfixorK8Bk4CvXdU-y41PVKFkNDSIlYofrjbSAgi0CQukWjXunvuahO2Tu-ooC53pL7_1wmabVugJQ-p7eYEDldHUi7PLESqXWj-QzFg
12.541304,55.704398,hip,"<img src=""https://lh3.googleusercontent.com/umsh/AFiHsUEw6XpJyI1CoPAoowSwJvHZSVLDfLu9uh6tIbNfoINhSNpgaZ2gsL7KJOZTeJybz6Sj6RMrrZQ1SodZG-H4e9N-Wz3BE92MA6K5ESsBGu2PGatNwzMK_r8M1HKqWkbqaYrT029bbfu-th4T71UMbuX3pfBKL_HkkCiMbebXcQJd0Ily4iYX18ITgumsv9heXFe1pS_oiCtWCp9KIS-lZukfqKCsqHvs6oEWpSV0qGOpijCTZBMXYFlqzhnhijNcuX0EsQbac3KHdxPqrXWCVIObU5GSpmxMq44pZnKypZM33oIPJMw7-QcWD3j0HBK1J2Pf6p2fAA8Hbz6imRXw4BDEVTaPGVL6CXL3aebV3nFh9kBDuaiMyQKH4VrTH9PnKK0wmHC_0mqjLp1qtx_KjzGyMr91LpecQrCKZfQqBSOuMt_DBRy29Hg0LQEvdECn2_mwhEyF-QJQRp-Qg0J3ob1Pvs1j_K1ZX6ntcqCdVbfBae-Whc63wIpZefaOUBaZRWf06VMOouP2eI8n-GfthCsNgbfMEgvndUTHDPAwFNiE0V5cS5A_sGmUG8S3fPo4xe6mmx4VMIHg4mhLjLcZSB3s-8DoVwcKumdz562_hpw4Vd6fs2xd6VWin6GobD8pjloSl50zYJm2dIA6nxNAJmbcVs6wVZwW95bZltbmFxWJhEbh87BKmFdx3bPfNJK9pwmO6VEOE-Ja0A"" height=""200"" width=""auto"" /><br><br>More skatespots at www.topspot.global",https://lh3.googleusercontent.com/umsh/AFiHsUEw6XpJyI1CoPAoowSwJvHZSVLDfLu9uh6tIbNfoINhSNpgaZ2gsL7KJOZTeJybz6Sj6RMrrZQ1SodZG-H4e9N-Wz3BE92MA6K5ESsBGu2PGatNwzMK_r8M1HKqWkbqaYrT029bbfu-th4T71UMbuX3pfBKL_HkkCiMbebXcQJd0Ily4iYX18ITgumsv9heXFe1pS_oiCtWCp9KIS-lZukfqKCsqHvs6oEWpSV0qGOpijCTZBMXYFlqzhnhijNcuX0EsQbac3KHdxPqrXWCVIObU5GSpmxMq44pZnKypZM33oIPJMw7-QcWD3j0HBK1J2Pf6p2fAA8Hbz6imRXw4BDEVTaPGVL6CXL3aebV3nFh9kBDuaiMyQKH4VrTH9PnKK0wmHC_0mqjLp1qtx_KjzGyMr91LpecQrCKZfQqBSOuMt_DBRy29Hg0LQEvdECn2_mwhEyF-QJQRp-Qg0J3ob1Pvs1j_K1ZX6ntcqCdVbfBae-Whc63wIpZefaOUBaZRWf06VMOouP2eI8n-GfthCsNgbfMEgvndUTHDPAwFNiE0V5cS5A_sGmUG8S3fPo4xe6mmx4VMIHg4mhLjLcZSB3s-8DoVwcKumdz562_hpw4Vd6fs2xd6VWin6GobD8pjloSl50zYJm2dIA6nxNAJmbcVs6wVZwW95bZltbmFxWJhEbh87BKmFdx3bPfNJK9pwmO6VEOE-Ja0A
12.542116,55.706258,DIY-Spot,"<img src=""https://lh3.googleusercontent.com/umsh/AFiHsUFfrCDBG6IjoPEJTb5bTcoXUKLlro4fNhGmSK09qvNgR7QMmde6o1jD_J1UhWM7UyTKGHPd6TGxwwXSg9zDpSrCC8y07KzE0LdYWjAACgE8IV1URYnsL_v2W3tq2Ksi_vqBXm2nNsoeez9_LMJRtZFZjJgMgSqtzaCDbT0cgr-oytG_-PYzzPWKaW75uhE3dspSoXWnkLzIltBoW6u2UGP4-2muzivJ32pw9dMsO5ZqmkRIf9uJQ2CjJclWnmTiv9j4Ywwm8RuzTRvPtI-DoCvVI8Z5ic6NBQiu43AGWZ1NVG0iKfZ0-MA8ExOXP-m9bMHU7uL-OQI-ABqdKPFpJU3ityhuUBTwCkOG5mRFDT_XoQmv4MjY9MhMowc-oFw9VgsyuHxqGNF1cbBPPYiNM7n_U4zEjnJywpBfIzyiYIRAahHhosPfEa0n4_aYMSV7tGYrG9Q4mtAt9KMRBwsHT1DzBB-wwpfVMgCxsolhK3wyszJC4lGUHD604wsr2-riK48oaGs5QB4I-mxpPwuQeIhJdlJAb2wHtDQKCiEk7xAsc7wIB-ARiMY9G5O-7QJPykPWI2-AMnJtfzgj4k_y6tdHR1jBq55YfLjr1kSKjm4WW88d6B9NhYvpLTMYHHKvH56OCd2Dp1TYHqKZR5YZiQeEMt3SpaWOTgUwTLMVEIFy7YrsrLZr8YAM-Jnt6KGMq3GiWLirnT8X"" height=""200"" width=""auto"" /><br><br>More skatespots at www.topspot.global",https://lh3.googleusercontent.com/umsh/AFiHsUFfrCDBG6IjoPEJTb5bTcoXUKLlro4fNhGmSK09qvNgR7QMmde6o1jD_J1UhWM7UyTKGHPd6TGxwwXSg9zDpSrCC8y07KzE0LdYWjAACgE8IV1URYnsL_v2W3tq2Ksi_vqBXm2nNsoeez9_LMJRtZFZjJgMgSqtzaCDbT0cgr-oytG_-PYzzPWKaW75uhE3dspSoXWnkLzIltBoW6u2UGP4-2muzivJ32pw9dMsO5ZqmkRIf9uJQ2CjJclWnmTiv9j4Ywwm8RuzTRvPtI-DoCvVI8Z5ic6NBQiu43AGWZ1NVG0iKfZ0-MA8ExOXP-m9bMHU7uL-OQI-ABqdKPFpJU3ityhuUBTwCkOG5mRFDT_XoQmv4MjY9MhMowc-oFw9VgsyuHxqGNF1cbBPPYiNM7n_U4zEjnJywpBfIzyiYIRAahHhosPfEa0n4_aYMSV7tGYrG9Q4mtAt9KMRBwsHT1DzBB-wwpfVMgCxsolhK3wyszJC4lGUHD604wsr2-riK48oaGs5QB4I-mxpPwuQeIhJdlJAb2wHtDQKCiEk7xAsc7wIB-ARiMY9G5O-7QJPykPWI2-AMnJtfzgj4k_y6tdHR1jBq55YfLjr1kSKjm4WW88d6B9NhYvpLTMYHHKvH56OCd2Dp1TYHqKZR5YZiQeEMt3SpaWOTgUwTLMVEIFy7YrsrLZr8YAM-Jnt6KGMq3GiWLirnT8X
12.551786,55.706049,funbox,"<img src=""https://lh3.googleusercontent.com/umsh/AFiHsUHSZbfyCS03feC-5MwZ3dEPy2WccWvGcmBaSFzycHa_ekz35lPnpQAz0KgNP_0UvTAfIb1wv6jQbiCMhq8asM9QA1IXLEJympWNfw2NX_JFfAE3jK3AURtgGUEZ2UbcHxVkIIPOAhM87RmFuDAbVGM-8iJJMENmUdpe27D0c1RflHkdPpMrhys1KAEIuwwxOsTzmRrE_bco-v7snhcisQE7opGYSLcC5J8A8PBtsB0XXHxocaf39AggjxTFsC0gonzuHAzsNp4l0tEXoCnO1Y505NYV_BC8LJN8q-3hrBVeCT_T5ouQcfGqh2scKBcJPEfsUPMKykyJ-Flm_1uM6XZt0GnM50QlKAB8U6A83A-gLWuJD3PqprjZDd7uxmuGxg0hnft21cvqkD86rAlt66zu737AIGS_Qbsn9vVHg4-8Ye2nnW7s8pFDqqMtRbwVtNQcoVf12xyxIjyYce_gtyXzmhuR5-F-j2H8dMnUCmCF19fh8jtFOaH7lD6yAP343RsI-66ae1WlwrOLIzMOIzuUmv7pTS_7zePLisL0Nl-dY6E0-UN5d38dZc4Oa8fyYboUl--tpmb2epQbC2LfxZPEr3CvB9xrHIvK4I6GvFZUNgLiRyWIln5gIwx91VmhGVBKR2ofMwi7yjx0fq_X9Fo4qDHbWemhTNX_cm_rSCyF_6jlz0JLVW3fVq3HR9S_ZhaaH0FfUpf-7g"" height=""200"" width=""auto"" /><br><br>More skatespots at www.topspot.global",https://lh3.googleusercontent.com/umsh/AFiHsUHSZbfyCS03feC-5MwZ3dEPy2WccWvGcmBaSFzycHa_ekz35lPnpQAz0KgNP_0UvTAfIb1wv6jQbiCMhq8asM9QA1IXLEJympWNfw2NX_JFfAE3jK3AURtgGUEZ2UbcHxVkIIPOAhM87RmFuDAbVGM-8iJJMENmUdpe27D0c1RflHkdPpMrhys1KAEIuwwxOsTzmRrE_bco-v7snhcisQE7opGYSLcC5J8A8PBtsB0XXHxocaf39AggjxTFsC0gonzuHAzsNp4l0tEXoCnO1Y505NYV_BC8LJN8q-3hrBVeCT_T5ouQcfGqh2scKBcJPEfsUPMKykyJ-Flm_1uM6XZt0GnM50QlKAB8U6A83A-gLWuJD3PqprjZDd7uxmuGxg0hnft21cvqkD86rAlt66zu737AIGS_Qbsn9vVHg4-8Ye2nnW7s8pFDqqMtRbwVtNQcoVf12xyxIjyYce_gtyXzmhuR5-F-j2H8dMnUCmCF19fh8jtFOaH7lD6yAP343RsI-66ae1WlwrOLIzMOIzuUmv7pTS_7zePLisL0Nl-dY6E0-UN5d38dZc4Oa8fyYboUl--tpmb2epQbC2LfxZPEr3CvB9xrHIvK4I6GvFZUNgLiRyWIln5gIwx91VmhGVBKR2ofMwi7yjx0fq_X9Fo4qDHbWemhTNX_cm_rSCyF_6jlz0JLVW3fVq3HR9S_ZhaaH0FfUpf-7g
12.552312,55.70609,hip,"<img src=""https://lh3.googleusercontent.com/umsh/AFiHsUFeBOkT5CXISCHEKkyFGftCMO7odDLOlvGsrY7GBD_Pur-OU86zhQTND7CJJLb3NJS5Maiz8MzXLkkU8akpgi_LRZxUUDu1ZsOq16vgbfnfjyz2TKWnMpFkx3cwHmv8FdVXn45tnYco54A8CzALUNFAHyekUkGWbnzLC1pmil9S_RE8TiMgsdxNloIR8MtJVboh8p2w1TTkMphH0FoD-xB_Cw0lMx4qK6kDoeEcZK_oBDA5lk7e4y9My8A34UX4p-zN0-pWXlH6wbQ00V2xydlm5oEc05UbYAZ374Z20IKDMnjFyFQYxBw9V3fjhhCAiKGsLew22wZqLiSIuFOXRUJjQZJdW-259DWNzBUJ9frbW_19T2lkHWKGj8CiusjOIPEJvw3q6mYviRofpbVMivkro0clziouovR9Xz2RmA3LReDWAuzSr2q2s9f5oGrhQ8OxP4sh8smnBxN_WUrBMAknuNidZftEomEWvpWdzWBfD2IyoX_Hqr0ORh97Pk85LLAoGRcIxP5cswclueBVy0HojD2WyNKcS3Bno3QPUijzTMIBLV8iuMFmBqiIV9h8HrIqE5KiaIS4WFE6MmHZQhrFSz19Yq0upta7e4zHiywSemmcgGhgF_t9DAQ3sX0wD8xfKwY3dWm6pVlbpnsZsfjgt2Ku7j92yX6ZXWb5Tt5qXS1Yhy78qkpGtHNI-47bfrv93ETtawyEKA"" height=""200"" width=""auto"" /><br><br>More skatespots at www.topspot.global",https://lh3.googleusercontent.com/umsh/AFiHsUFeBOkT5CXISCHEKkyFGftCMO7odDLOlvGsrY7GBD_Pur-OU86zhQTND7CJJLb3NJS5Maiz8MzXLkkU8akpgi_LRZxUUDu1ZsOq16vgbfnfjyz2TKWnMpFkx3cwHmv8FdVXn45tnYco54A8CzALUNFAHyekUkGWbnzLC1pmil9S_RE8TiMgsdxNloIR8MtJVboh8p2w1TTkMphH0FoD-xB_Cw0lMx4qK6kDoeEcZK_oBDA5lk7e4y9My8A34UX4p-zN0-pWXlH6wbQ00V2xydlm5oEc05UbYAZ374Z20IKDMnjFyFQYxBw9V3fjhhCAiKGsLew22wZqLiSIuFOXRUJjQZJdW-259DWNzBUJ9frbW_19T2lkHWKGj8CiusjOIPEJvw3q6mYviRofpbVMivkro0clziouovR9Xz2RmA3LReDWAuzSr2q2s9f5oGrhQ8OxP4sh8smnBxN_WUrBMAknuNidZftEomEWvpWdzWBfD2IyoX_Hqr0ORh97Pk85LLAoGRcIxP5cswclueBVy0HojD2WyNKcS3Bno3QPUijzTMIBLV8iuMFmBqiIV9h8HrIqE5KiaIS4WFE6MmHZQhrFSz19Yq0upta7e4zHiywSemmcgGhgF_t9DAQ3sX0wD8xfKwY3dWm6pVlbpnsZsfjgt2Ku7j92yX6ZXWb5Tt5qXS1Yhy78qkpGtHNI-47bfrv93ETtawyEKA
12.554161,55.706956,other,"<img src=""https://lh3.googleusercontent.com/umsh/AFiHsUFosg_PpEFAfnVQJUtzQfGdx8Sv-yGFL6KQS9gI3Z7LU85Nw3dWYPNEXESEcxp73sXpi54sLyqExbjCGUFjtrb0WqUHZ-utdNNl4cqZ7u4Ibf9LYOgN0OYUZdWznQ5ByC9DYiPsLufY7PWfQzoOBwifITqgLFlqM8jRyh8wEHa6pvCq8mc3vV21ifnLQj1L3eUTm5mz_0sneVQ7wAlPLzHfhYVZ6OQ5S2w1Akz2vaEXHNz9KKj-aP2ShGHcqS5v1fLNrEvefjExS53kJc1J7qtmxR98QTG52e48f8WyoKvvXj5KGUxve8HcgvFD8P1vSic8K0qEjJv2fENOhYotIKoX2eP8MrWfNqG9TBMfn2YZycgsnWu9G5_YBYbc_KckQ-jajlxvtR4WvCuefo5FVFkqqhIg1fqHJwTIZZQeoQ0bFl2KPfzeyLKP_yL0kb0Lcjmy7IZjQJTvsr6JF9Y2SqWjm7BhONRFaA1A_Rd6a_0pzeSEp9j4d5o7bt1UGZkXWG-ESPDlixhWTZF-urX8QRWAqGmLDecXKuiM6f_7iYrom031dj4-njU6oMHVzedi_wMUHRUuqRiFKIjxYdOmnMNt0EbBC1UKoLb9eB4BBt6jpQ7DQs2KB2VvBOVZtXgLZ4W48sMlB8eKfM_Di3M1lKBXWQsXUBT4RefJRTimaiHxlqZGJMgMK288iy9VgS-lgBdVyMbnmeanMw"" height=""200"" width=""auto"" /><br><br>More skatespots at www.topspot.global",https://lh3.googleusercontent.com/umsh/AFiHsUFosg_PpEFAfnVQJUtzQfGdx8Sv-yGFL6KQS9gI3Z7LU85Nw3dWYPNEXESEcxp73sXpi54sLyqExbjCGUFjtrb0WqUHZ-utdNNl4cqZ7u4Ibf9LYOgN0OYUZdWznQ5ByC9DYiPsLufY7PWfQzoOBwifITqgLFlqM8jRyh8wEHa6pvCq8mc3vV21ifnLQj1L3eUTm5mz_0sneVQ7wAlPLzHfhYVZ6OQ5S2w1Akz2vaEXHNz9KKj-aP2ShGHcqS5v1fLNrEvefjExS53kJc1J7qtmxR98QTG52e48f8WyoKvvXj5KGUxve8HcgvFD8P1vSic8K0qEjJv2fENOhYotIKoX2eP8MrWfNqG9TBMfn2YZycgsnWu9G5_YBYbc_KckQ-jajlxvtR4WvCuefo5FVFkqqhIg1fqHJwTIZZQeoQ0bFl2KPfzeyLKP_yL0kb0Lcjmy7IZjQJTvsr6JF9Y2SqWjm7BhONRFaA1A_Rd6a_0pzeSEp9j4d5o7bt1UGZkXWG-ESPDlixhWTZF-urX8QRWAqGmLDecXKuiM6f_7iYrom031dj4-njU6oMHVzedi_wMUHRUuqRiFKIjxYdOmnMNt0EbBC1UKoLb9eB4BBt6jpQ7DQs2KB2VvBOVZtXgLZ4W48sMlB8eKfM_Di3M1lKBXWQsXUBT4RefJRTimaiHxlqZGJMgMK288iy9VgS-lgBdVyMbnmeanMw
12.548051,55.691129,gap,"<img src=""https://lh3.googleusercontent.com/umsh/AFiHsUFK4C69bYEKPCHmx3iYxcrle2XufU2V1V7FF87K_64Vc59dYojYYpRMwA25_isS4iu_t2uTM5AJDxTUhuUu3q13Jz12lIrZw8Hi6fXzv_uqGJZkHT0xtzSGcmOPABc8mZCWDEs80e5S28BMUeCYVltvfC4b1kQ9kHupurCLtrnJml68SSK6FcPBSLUzv-GMicNEbIgrid6zx9w1E1OtdkL6DhzQYXnMgSzlTFB4af6CrqyThAJfAgMpJDcyv9b9O5en-wKPi9MlQwA0nvqjdhYJ9ndLsc9ImtSfkf0rclT428XsMhnMeho7BzsxdsCltyljgjt9m5vxh530zdjzC2iPEdW931X6lNVYMfjdr5d8FQlCvLKeZRyk89iNaA5bod2-YbGHfu_XK6dEIVS0ienKyqBIi3AvtNyDdlfCV-wIZV5wH_UbYaA2UhxBNUimVp-SwuU11KzqOJVjr3qFbxvLR3zAHhLBre2cbBHKTii-8cyj9nYonDnpf433orXrESpv_9slmQLaeVdxIPZ7g8NiF89zS2Gtw_9nEhvlhWPmwMVLkaoU-K5H9WcgHaOC-HtRJ8A_Y83LPBSmJQr_5RZczbmLSnUnjHrlwxLi4RMZcsPilXRMmR8qLdlO4Eny1-K2leGxpQT0MCHrwKszyDRZak3jLdxIIDatQut0WVQZHYdvBXBfp_CRdLj2vXub_TFRHabyWwCCAg"" height=""200"" width=""auto"" /><br><br>More skatespots at www.topspot.global",https://lh3.googleusercontent.com/umsh/AFiHsUFK4C69bYEKPCHmx3iYxcrle2XufU2V1V7FF87K_64Vc59dYojYYpRMwA25_isS4iu_t2uTM5AJDxTUhuUu3q13Jz12lIrZw8Hi6fXzv_uqGJZkHT0xtzSGcmOPABc8mZCWDEs80e5S28BMUeCYVltvfC4b1kQ9kHupurCLtrnJml68SSK6FcPBSLUzv-GMicNEbIgrid6zx9w1E1OtdkL6DhzQYXnMgSzlTFB4af6CrqyThAJfAgMpJDcyv9b9O5en-wKPi9MlQwA0nvqjdhYJ9ndLsc9ImtSfkf0rclT428XsMhnMeho7BzsxdsCltyljgjt9m5vxh530zdjzC2iPEdW931X6lNVYMfjdr5d8FQlCvLKeZRyk89iNaA5bod2-YbGHfu_XK6dEIVS0ienKyqBIi3AvtNyDdlfCV-wIZV5wH_UbYaA2UhxBNUimVp-SwuU11KzqOJVjr3qFbxvLR3zAHhLBre2cbBHKTii-8cyj9nYonDnpf433orXrESpv_9slmQLaeVdxIPZ7g8NiF89zS2Gtw_9nEhvlhWPmwMVLkaoU-K5H9WcgHaOC-HtRJ8A_Y83LPBSmJQr_5RZczbmLSnUnjHrlwxLi4RMZcsPilXRMmR8qLdlO4Eny1-K2leGxpQT0MCHrwKszyDRZak3jLdxIIDatQut0WVQZHYdvBXBfp_CRdLj2vXub_TFRHabyWwCCAg
12.556964,55.703558,plaza,"<img src=""https://lh3.googleusercontent.com/umsh/AFiHsUF84XJ70KyWJB2N7sFyoxIOyZ1N_4wZRf_bZ1dM8LZ1r_LnDRYngi3WUlk87hG3msH0-gY15Wq9s9lqmoqVAI4Dx8JPz4riAH767R0DyDbouR1NIuvcy8WKym9mC0JCwfRgtmPDsAItMn4KJXfIDmed-cJy6xshCDXXfN9nu6pFM8AhtNVCycwUi-kBxKhbz6u8Fhd0O-6lkl5oF-mPAEvxibt869r0v9lax8r6Y8cEutTHaL_JMv2_Ddy3skBgHxjgoc7_4cqYgXaXobYqJeRkGoLHpFp5U777k0SQkCkFVOgGJarX4NLKYsU1oHx-8XNGGW58PdeqTe_J12j0MvbBGzuvQbl95xzcCx7jGxOPLpwSlWFDeyPCe5nR2-s6A4RiElf8Z1cpcGVQFPOCTT_W7UmrJPV0KZsccXGYGjU6Xz3eQg9jkLmCPTbgvUnVSOXw1ohE7mA3SYFumaFLgFuJvl7J7D2u2H2gx6QEI4fZ5ALN1pBK93Vu0SkTZ7spbYV16uccKY0ZfhEVvyciwkNA6PnwqJcBmGlUon4jJ7zsHwQOUmB1VuOBsQuFcyHcwkhdN0pFhodcJKC_tdxk2QT7Dt45Doomoql3p1mtN66vIIHBN30Ynnl4bxtoy8MQDr-iBHPHtq7q6sdXBLZ63EZPvl6A2-G_MAuY38bsv4jN55kP_oSSfDGg6OKgvrml8qGivME5GgA5Yg"" height=""200"" width=""auto"" /><br><br>More skatespots at www.topspot.global",https://lh3.googleusercontent.com/umsh/AFiHsUF84XJ70KyWJB2N7sFyoxIOyZ1N_4wZRf_bZ1dM8LZ1r_LnDRYngi3WUlk87hG3msH0-gY15Wq9s9lqmoqVAI4Dx8JPz4riAH767R0DyDbouR1NIuvcy8WKym9mC0JCwfRgtmPDsAItMn4KJXfIDmed-cJy6xshCDXXfN9nu6pFM8AhtNVCycwUi-kBxKhbz6u8Fhd0O-6lkl5oF-mPAEvxibt869r0v9lax8r6Y8cEutTHaL_JMv2_Ddy3skBgHxjgoc7_4cqYgXaXobYqJeRkGoLHpFp5U777k0SQkCkFVOgGJarX4NLKYsU1oHx-8XNGGW58PdeqTe_J12j0MvbBGzuvQbl95xzcCx7jGxOPLpwSlWFDeyPCe5nR2-s6A4RiElf8Z1cpcGVQFPOCTT_W7UmrJPV0KZsccXGYGjU6Xz3eQg9jkLmCPTbgvUnVSOXw1ohE7mA3SYFumaFLgFuJvl7J7D2u2H2gx6QEI4fZ5ALN1pBK93Vu0SkTZ7spbYV16uccKY0ZfhEVvyciwkNA6PnwqJcBmGlUon4jJ7zsHwQOUmB1VuOBsQuFcyHcwkhdN0pFhodcJKC_tdxk2QT7Dt45Doomoql3p1mtN66vIIHBN30Ynnl4bxtoy8MQDr-iBHPHtq7q6sdXBLZ63EZPvl6A2-G_MAuY38bsv4jN55kP_oSSfDGg6OKgvrml8qGivME5GgA5Yg
12.563042,55.689727,hip,"<img src=""https://lh3.googleusercontent.com/umsh/AFiHsUGeqELQSQQu1pWm0QC9YUgu1cVlpuZzi-1K9hmUSTxRUhXXH3hUNYoJ0i6DzJ0-TK8HgnsD9kufpZzhG43YUvy_dcPRTeDlR7qDF8--fG83anj3T-icxK2UV52U9ROXV8_S8gySZp4GIztA7-AvBq8Hwwqt_uEZ4qBQtoa00z1GOIWcRuSHhutvx61mOveCgjkEfxfAwsKbZJjd_c3t0W4WfVaVJGgqSwr-NMmC3ts3mbvzvf5n5hKUtku9JNweLRdZvofDJMVMBdsuZvTYrlL9aL6YmIBAfUrd03vb0FfEeAwaB8LPHnp6OY6QmeDpwVi7tULgxPUhjyqlJatJFMMDFY7kQ9c1ucfPvF55P43DiwRNX-_QJ7IFo2ttN240rl4Mq9ObhjhV_ly25KCMJ5zKzMQI6hTW3jv4Qkei1uiMehW-eGyzDczyMSZJ-pi7V4D8t1dHYTDVCBbFkrCjOQ45tQYrl9DyDxtELetWnM8gn3kZY7TxMDEGeyRAB6AfvYpV_ZAV9WrafVqQ4LBkduFEU_8CPgkax2t9Empst_1vcajdQHB8YAi81B-W5wEzF0vN78lVpZpJAo4d2769wxevh83S16BAPIZDSMjpAA_pUUpt2RzlBq4AG5Smtf5tbev_f5CKgIFpAF6UXN5sQA4yVxlzbJxFKneYgfW2xwnENMAxqA2JPvrc8Xaiun7Qx_iLWtnVeQGFsg"" height=""200"" width=""auto"" /><br><br>More skatespots at www.topspot.global",https://lh3.googleusercontent.com/umsh/AFiHsUGeqELQSQQu1pWm0QC9YUgu1cVlpuZzi-1K9hmUSTxRUhXXH3hUNYoJ0i6DzJ0-TK8HgnsD9kufpZzhG43YUvy_dcPRTeDlR7qDF8--fG83anj3T-icxK2UV52U9ROXV8_S8gySZp4GIztA7-AvBq8Hwwqt_uEZ4qBQtoa00z1GOIWcRuSHhutvx61mOveCgjkEfxfAwsKbZJjd_c3t0W4WfVaVJGgqSwr-NMmC3ts3mbvzvf5n5hKUtku9JNweLRdZvofDJMVMBdsuZvTYrlL9aL6YmIBAfUrd03vb0FfEeAwaB8LPHnp6OY6QmeDpwVi7tULgxPUhjyqlJatJFMMDFY7kQ9c1ucfPvF55P43DiwRNX-_QJ7IFo2ttN240rl4Mq9ObhjhV_ly25KCMJ5zKzMQI6hTW3jv4Qkei1uiMehW-eGyzDczyMSZJ-pi7V4D8t1dHYTDVCBbFkrCjOQ45tQYrl9DyDxtELetWnM8gn3kZY7TxMDEGeyRAB6AfvYpV_ZAV9WrafVqQ4LBkduFEU_8CPgkax2t9Empst_1vcajdQHB8YAi81B-W5wEzF0vN78lVpZpJAo4d2769wxevh83S16BAPIZDSMjpAA_pUUpt2RzlBq4AG5Smtf5tbev_f5CKgIFpAF6UXN5sQA4yVxlzbJxFKneYgfW2xwnENMAxqA2JPvrc8Xaiun7Qx_iLWtnVeQGFsg
12.56404,55.683729,white banks & hips,"<img src=""https://lh3.googleusercontent.com/umsh/AFiHsUFQzru2aOei4IKixRt4SRwNe9waTcuprL8YdEud_bd5QXE-J0Gy4or-bn4Tx3gwD8OPUAjFNro2a6THA8yzxtPWmNXnlKDUZh7040l7DX4nwWx-w93fekN2Pi-LyzARgKMRDc2WA-eB2ai795DimCC01A82w-ZmDudHsUPCjAEF_DxXO0aFz6u7c8207bemS5ZYC_WZkoSeO_QAyuCJSM5NfeuX6n71TP1y91k58ZnmphrTLIBg9jUPnAOhDgqQ0Bo3YcIRWntJsM5Wx8o7TdhioXiWOTxBoB9idLiVp-_HUHYhKDoErRpORfDoS90svPhQWf92x2d71DfT4yWzoWIMkEv10pEXc29_VFr79ZjHDDmWkWMreIhRZc8PYMYCnITXkHXbvFd6UYiud8Z8RHTOMTGO3H6Ygejjwimxd5UPba0KUaL1iiopyfshLkRcvyq73VJw4JfOUyD5cP0Dgy090vqDO6RqlUkqlBP-mZtkT3zMHLA6ebGQ_R1gXw0JINsa-micsmHCx_qCtvigu5UKgL9Uzor59DTGN3IRZpfJqNYI9P-SD9mIzMSXn3wCc461Wx6R-X8j2nXDUwgAu76ia5y-mzAIOFY50Hs0OouAsbOcen540LufW3-L-0pu9_IvdLl3kmGvlLtAls9SEg2TK70ohJGvrC4b8e2-B1M1n6F9uobmdQHWBqEss9Hcsx9vcUG1HY30dA"" height=""200"" width=""auto"" /><br><br>More skatespots at www.topspot.global",https://lh3.googleusercontent.com/umsh/AFiHsUFQzru2aOei4IKixRt4SRwNe9waTcuprL8YdEud_bd5QXE-J0Gy4or-bn4Tx3gwD8OPUAjFNro2a6THA8yzxtPWmNXnlKDUZh7040l7DX4nwWx-w93fekN2Pi-LyzARgKMRDc2WA-eB2ai795DimCC01A82w-ZmDudHsUPCjAEF_DxXO0aFz6u7c8207bemS5ZYC_WZkoSeO_QAyuCJSM5NfeuX6n71TP1y91k58ZnmphrTLIBg9jUPnAOhDgqQ0Bo3YcIRWntJsM5Wx8o7TdhioXiWOTxBoB9idLiVp-_HUHYhKDoErRpORfDoS90svPhQWf92x2d71DfT4yWzoWIMkEv10pEXc29_VFr79ZjHDDmWkWMreIhRZc8PYMYCnITXkHXbvFd6UYiud8Z8RHTOMTGO3H6Ygejjwimxd5UPba0KUaL1iiopyfshLkRcvyq73VJw4JfOUyD5cP0Dgy090vqDO6RqlUkqlBP-mZtkT3zMHLA6ebGQ_R1gXw0JINsa-micsmHCx_qCtvigu5UKgL9Uzor59DTGN3IRZpfJqNYI9P-SD9mIzMSXn3wCc461Wx6R-X8j2nXDUwgAu76ia5y-mzAIOFY50Hs0OouAsbOcen540LufW3-L-0pu9_IvdLl3kmGvlLtAls9SEg2TK70ohJGvrC4b8e2-B1M1n6F9uobmdQHWBqEss9Hcsx9vcUG1HY30dA
12.568684,55.67569,kicker,"<img src=""https://lh3.googleusercontent.com/umsh/AFiHsUGeaFMpl8jF_5y0-UtCI6PolkgUrhyXE19XDhSxaj2z3Baa0C9OXY6qo3I2bp1z4wHDy2TrKQXzy-NdopQucCgpbGiliMOP18KQima1SkVDxZ3Kc9s3UVLZwyW4T14uSLUXpjONgo8IoKlo-_sx9CjZU2kQPWZ16wLkjNtZbACHRT8tzh-eGmsKzE015IvxERd1YQZvSbTArTbBy8PQlYYB6e2tGZ0YoduqwMvE3fhfMt1LY7oKUGGz04TTXHe_yg4Cm_ImbzrRKy08HrrKhSudP2mes5eB1Qw1Y294C6O5A5gFAXa_xHaXTxoZ7AUorkCqs_nKmugy82UeEKmL4oBcT18EBMNKyrgn9O1HFUPP9U78w7m3YWIka7bun6aEq82QEIdEaW32mY86qhs7rwRJ4Je8Z2iqQNs0WUlIBrhWjl9VQYNH4RvyC6WwFEIpVAdmKfZoy_FKcEhNfugxk8BeQxyUxLpq_5Pnsjj-27Tj9XIkkrcy5Lji8kjAB3y-zaWsPFWx6SvSHZbvKhpS4B6s5ylN7H01yHzX9Zq7pfPb9Owzhra76AkzC59E9-VpyCymCBGcLXMyM_ekQaDHNiUpDmrJKWwE86ld-Y2fLStGuhclnkGIzCGejLBiWPzklhUd8QO-ZT72xzt_3ZGr0-8H7CadkL4C44jUqDYkWClh59KtRjjlqNxiJSZzRVF9U3W9Mw5SCtd0cw"" height=""200"" width=""auto"" /><br><br>More skatespots at www.topspot.global",https://lh3.googleusercontent.com/umsh/AFiHsUGeaFMpl8jF_5y0-UtCI6PolkgUrhyXE19XDhSxaj2z3Baa0C9OXY6qo3I2bp1z4wHDy2TrKQXzy-NdopQucCgpbGiliMOP18KQima1SkVDxZ3Kc9s3UVLZwyW4T14uSLUXpjONgo8IoKlo-_sx9CjZU2kQPWZ16wLkjNtZbACHRT8tzh-eGmsKzE015IvxERd1YQZvSbTArTbBy8PQlYYB6e2tGZ0YoduqwMvE3fhfMt1LY7oKUGGz04TTXHe_yg4Cm_ImbzrRKy08HrrKhSudP2mes5eB1Qw1Y294C6O5A5gFAXa_xHaXTxoZ7AUorkCqs_nKmugy82UeEKmL4oBcT18EBMNKyrgn9O1HFUPP9U78w7m3YWIka7bun6aEq82QEIdEaW32mY86qhs7rwRJ4Je8Z2iqQNs0WUlIBrhWjl9VQYNH4RvyC6WwFEIpVAdmKfZoy_FKcEhNfugxk8BeQxyUxLpq_5Pnsjj-27Tj9XIkkrcy5Lji8kjAB3y-zaWsPFWx6SvSHZbvKhpS4B6s5ylN7H01yHzX9Zq7pfPb9Owzhra76AkzC59E9-VpyCymCBGcLXMyM_ekQaDHNiUpDmrJKWwE86ld-Y2fLStGuhclnkGIzCGejLBiWPzklhUd8QO-ZT72xzt_3ZGr0-8H7CadkL4C44jUqDYkWClh59KtRjjlqNxiJSZzRVF9U3W9Mw5SCtd0cw
12.553832,55.670071,bump,"<img src=""https://lh3.googleusercontent.com/umsh/AFiHsUEzsn7_12zCgoG688CwC2U8yAbt8dPJ_oyGdIRqDaMyaogTv196VvW5bSkU6nyvVjKWtApmB1ZPEBvGLFT3d_OZWF6AFex2Oxf_EuCZgQN62j0NH9Pux52AzcJC4OUYQPuVZuwH8Byf88FPEbhT6v5AbijA4Yc5nA0_qDmxZQaae_nYG9lt7h25UeUkXh_CiFKH4Y_FERxYLzZqIO7sJxKHMWqOwEMXXGQQt0gCgK3i0WpV5Gs4QPulsWc9NDYvhUcHMAVBlywBD4JkJIVC8wrD7G8zLm80THYqSL6gGIVWXe1gnrxaG8WxCRKtNhpYEdYjZg9DVyZVxSAH5PO_Rv19STC3UzFNNHl902IzNwygNrzeeYWXUg9VrKcdFToyzgdYe47hd76oyEdReG9OHzKUpIW_42XM18o_lyixylWBnGc_R-WlyET_GakOlcL3HvNfoc-zHp9KVFYr4jfk9E2GPbbSTaGmX2qUqml5itg9Ut3CvW14RVBFvwxA-rxU7GHf3z-LyTYtSSSHQWtcCN-s1pgCKLE45WG3-HaJ3zZEBfg7p5P3NEWHSHN_Bpr71ikzHhqh6jzZdamHPVzl6_378MJ0qpc_W3QjsV9QpxE1pM8en5IRdzwx03dOyJ9UMrhHITBNxgAR06Wl0430dZciusP5pFE_Bi_AK1TX9ULwbKApIUagXnR9q9Lo08FPklPXzrLd87TE"" height=""200"" width=""auto"" /><br><br>More skatespots at www.topspot.global",https://lh3.googleusercontent.com/umsh/AFiHsUEzsn7_12zCgoG688CwC2U8yAbt8dPJ_oyGdIRqDaMyaogTv196VvW5bSkU6nyvVjKWtApmB1ZPEBvGLFT3d_OZWF6AFex2Oxf_EuCZgQN62j0NH9Pux52AzcJC4OUYQPuVZuwH8Byf88FPEbhT6v5AbijA4Yc5nA0_qDmxZQaae_nYG9lt7h25UeUkXh_CiFKH4Y_FERxYLzZqIO7sJxKHMWqOwEMXXGQQt0gCgK3i0WpV5Gs4QPulsWc9NDYvhUcHMAVBlywBD4JkJIVC8wrD7G8zLm80THYqSL6gGIVWXe1gnrxaG8WxCRKtNhpYEdYjZg9DVyZVxSAH5PO_Rv19STC3UzFNNHl902IzNwygNrzeeYWXUg9VrKcdFToyzgdYe47hd76oyEdReG9OHzKUpIW_42XM18o_lyixylWBnGc_R-WlyET_GakOlcL3HvNfoc-zHp9KVFYr4jfk9E2GPbbSTaGmX2qUqml5itg9Ut3CvW14RVBFvwxA-rxU7GHf3z-LyTYtSSSHQWtcCN-s1pgCKLE45WG3-HaJ3zZEBfg7p5P3NEWHSHN_Bpr71ikzHhqh6jzZdamHPVzl6_378MJ0qpc_W3QjsV9QpxE1pM8en5IRdzwx03dOyJ9UMrhHITBNxgAR06Wl0430dZciusP5pFE_Bi_AK1TX9ULwbKApIUagXnR9q9Lo08FPklPXzrLd87TE
12.535292,55.665442,plaza,"<img src=""https://lh3.googleusercontent.com/umsh/AFiHsUHqEjpn75yJrQMorVKUe6adjnblPU_0kghaN-iEo4aiv6nJpS2nHGQSyblPxpq6VgOZeyn1RiY1gq8owzdsmzHUDY1GjF3SL4tS0mMRQskgbZHy6VfyXqimy7xinBWyyxPSbYPyWeFiUsS-zk3Swqjgfaw5-tCY7k6jJeCYwGeGGaGrRjri70CELRAivU4UMIl6YZr_V80v12QU8NqA7diTh2A_zJk0KM1UATyY3grmamyNz-absOmiwU--Ehk0M5KOI3cTGWoQ0TMTJ1GhrxIF4wh_fWFRK5Dsb2uwShf6IZtylhnLmhQ4McTdsk2nPDmrHHEW2tR7ND5JBpT-yXm7UzJpbpF-SQvqRpdM6QkXUBEzOfGgGgz3E1wDClCpcli2EVVgvQG_vFGfTwE1l-fBTyqs7afBqA8QaWFgVMVsSwTaOZoEybQyatpfNtdBoh8gDTx7-ZnT9b_tKfc4DodCxblY1YNvym6rUA04wyuBhxqXl2wpHkQGBpPY9pLLIivB9qN4hZ219MqnpyK0d8btMs5DRr0JxuDRJj7B-7Gn7eBaMW88hTyuyRVC6cbRsPmhqUl1gjUQdDAhxVmaDYkPRV2M7gSSvoxobC3YTtoJjERDNQtFU6SmN9jDrT-gt5wYbrtN8inbv4_dqjSaUSEd2_QSNtKBtulcmvyXUBEZztFqmVV8pTiO6l--kAI4seORNRugdATNrw"" height=""200"" width=""auto"" /><br><br>More skatespots at www.topspot.global",https://lh3.googleusercontent.com/umsh/AFiHsUHqEjpn75yJrQMorVKUe6adjnblPU_0kghaN-iEo4aiv6nJpS2nHGQSyblPxpq6VgOZeyn1RiY1gq8owzdsmzHUDY1GjF3SL4tS0mMRQskgbZHy6VfyXqimy7xinBWyyxPSbYPyWeFiUsS-zk3Swqjgfaw5-tCY7k6jJeCYwGeGGaGrRjri70CELRAivU4UMIl6YZr_V80v12QU8NqA7diTh2A_zJk0KM1UATyY3grmamyNz-absOmiwU--Ehk0M5KOI3cTGWoQ0TMTJ1GhrxIF4wh_fWFRK5Dsb2uwShf6IZtylhnLmhQ4McTdsk2nPDmrHHEW2tR7ND5JBpT-yXm7UzJpbpF-SQvqRpdM6QkXUBEzOfGgGgz3E1wDClCpcli2EVVgvQG_vFGfTwE1l-fBTyqs7afBqA8QaWFgVMVsSwTaOZoEybQyatpfNtdBoh8gDTx7-ZnT9b_tKfc4DodCxblY1YNvym6rUA04wyuBhxqXl2wpHkQGBpPY9pLLIivB9qN4hZ219MqnpyK0d8btMs5DRr0JxuDRJj7B-7Gn7eBaMW88hTyuyRVC6cbRsPmhqUl1gjUQdDAhxVmaDYkPRV2M7gSSvoxobC3YTtoJjERDNQtFU6SmN9jDrT-gt5wYbrtN8inbv4_dqjSaUSEd2_QSNtKBtulcmvyXUBEZztFqmVV8pTiO6l--kAI4seORNRugdATNrw
12.532871,55.66534,bump,"<img src=""https://lh3.googleusercontent.com/umsh/AFiHsUFSLhjsmN4e0AZA5EgQFXv_fVMTPdQEdHAGFmRuBq8HVeB6r1CJsODVWr8KLsHTkMlknkiQOlAAjSyY9BpSiCRtv9IwRmzCuU3ZLZIx-fagZxkW47RA3L1pLBGjrO4MfF33GkHfzzVqmqOXbZha-Ar8JA2yP0LITTL0LQxaJ2ULNLNed0Wd3AFW_nULGLI0xF3VWAyvwshoUVSkkjqVYL29CU1f6mltMfegtKvhI9UzEbIKbA--k59XBr0iinpr2KVTSI6bJ7S_GZvT9odJqsK9nOpcWTCe9NZkYMKQIVa-tQOlig9WangXdUPYDoD71xJrydkgkYhrG2jPdl4OcMmdDYOgBTxVoQGicjgEzKfhSEVm3utFWPhKcL8J7AtUr6H6nJR3YIvzramJiVkvAIIbumyKb354XDxriOrzwJH5rupcPlSvPRPTUgalE9hk82eqkf7KyLNVqs1yQtVGxa_KpMaRv-9obh6ygkM5nl_racrjfsgPwS1iFpeJWC-t5Kpqr6NCjNwi5bGAl7KTx688MiWjQ2cToFI_sGoFP9KUNiBFlbbAd1YVS3pphvAdLLNDGa5-0-qNtXIZFJHhs797l-CZ_vPAiomFHSbOXLgQaskPiU-2e_Jxla4oatZhk7NTuPmA5pKysgzXH8qDzmtegzOS28fXCBTCIMCJ_IFr95cQG21o5R2SMusHPkGBMD_NoWZM3OuZ-w"" height=""200"" width=""auto"" /><br><br>More skatespots at www.topspot.global",https://lh3.googleusercontent.com/umsh/AFiHsUFSLhjsmN4e0AZA5EgQFXv_fVMTPdQEdHAGFmRuBq8HVeB6r1CJsODVWr8KLsHTkMlknkiQOlAAjSyY9BpSiCRtv9IwRmzCuU3ZLZIx-fagZxkW47RA3L1pLBGjrO4MfF33GkHfzzVqmqOXbZha-Ar8JA2yP0LITTL0LQxaJ2ULNLNed0Wd3AFW_nULGLI0xF3VWAyvwshoUVSkkjqVYL29CU1f6mltMfegtKvhI9UzEbIKbA--k59XBr0iinpr2KVTSI6bJ7S_GZvT9odJqsK9nOpcWTCe9NZkYMKQIVa-tQOlig9WangXdUPYDoD71xJrydkgkYhrG2jPdl4OcMmdDYOgBTxVoQGicjgEzKfhSEVm3utFWPhKcL8J7AtUr6H6nJR3YIvzramJiVkvAIIbumyKb354XDxriOrzwJH5rupcPlSvPRPTUgalE9hk82eqkf7KyLNVqs1yQtVGxa_KpMaRv-9obh6ygkM5nl_racrjfsgPwS1iFpeJWC-t5Kpqr6NCjNwi5bGAl7KTx688MiWjQ2cToFI_sGoFP9KUNiBFlbbAd1YVS3pphvAdLLNDGa5-0-qNtXIZFJHhs797l-CZ_vPAiomFHSbOXLgQaskPiU-2e_Jxla4oatZhk7NTuPmA5pKysgzXH8qDzmtegzOS28fXCBTCIMCJ_IFr95cQG21o5R2SMusHPkGBMD_NoWZM3OuZ-w
12.532487,55.665253,wallride,"<img src=""https://lh3.googleusercontent.com/umsh/AFiHsUGoyw7i2j9PVvSe3pLmxTCZabwiwu9M_Kpe9pr-205IHKOiHlwEa5WCOeWqhRoTJ3JeEAjKp1AVuw71BeBpwa59D5Q7Tlpg4d6O2HOEXQhVtlWXA-LDDOwWedTUIXEPspeHzme1le3fY355hfnyoGbrb3m-w1S8wS2HLzhQRhqlRzJT9dzaKFLVxfcMZn1acgAXalatn4PPfBJeNYSM_6E0HAOIYKXgr1-O3IZEHCWwMBwPwo8dpd6MtB8SYfQF34wLDvZWaW-6i9NVBr1FXIt3E2Mmgjf5zrRik9-lg_i-OCio6Hkq_QTQby_CEoJQhDRRkYp_4f7l0wvxmGSjofS5a1bYnCx-54MmLSDBEAuUY7sHl-90O7JfAxNJwF9O6ulENfePGbw52uwbbr3PlbQPTN-bh1_v-NL3EI_6pyTMjExFCMpZwhpn4dOBZEgNYw1kEjus9n98JGZ6-naYEQ-kUy43O-Tho8bktxXWWj6J6FNVkq3KBroeNSCMR1bCGFecS63LUU3O9hxR0RzemK9w3L_y7mf8zULrjzHSTCkNsmnJc7g9tqk-_DKCjofcMxVGd1N3L5dF0d8e03fiXxfLjxIe3rFR-13o8EUPdjar0B_5XOkeCo3KVzqCVCHKD25mQX2vI8hRxz3mQCpguU02RMTleGMtlLhP2yWdyKVCs5oUqiPXacYhXzKuv0CNsDmZ1PKJGAck4w"" height=""200"" width=""auto"" /><br><br>More skatespots at www.topspot.global",https://lh3.googleusercontent.com/umsh/AFiHsUGoyw7i2j9PVvSe3pLmxTCZabwiwu9M_Kpe9pr-205IHKOiHlwEa5WCOeWqhRoTJ3JeEAjKp1AVuw71BeBpwa59D5Q7Tlpg4d6O2HOEXQhVtlWXA-LDDOwWedTUIXEPspeHzme1le3fY355hfnyoGbrb3m-w1S8wS2HLzhQRhqlRzJT9dzaKFLVxfcMZn1acgAXalatn4PPfBJeNYSM_6E0HAOIYKXgr1-O3IZEHCWwMBwPwo8dpd6MtB8SYfQF34wLDvZWaW-6i9NVBr1FXIt3E2Mmgjf5zrRik9-lg_i-OCio6Hkq_QTQby_CEoJQhDRRkYp_4f7l0wvxmGSjofS5a1bYnCx-54MmLSDBEAuUY7sHl-90O7JfAxNJwF9O6ulENfePGbw52uwbbr3PlbQPTN-bh1_v-NL3EI_6pyTMjExFCMpZwhpn4dOBZEgNYw1kEjus9n98JGZ6-naYEQ-kUy43O-Tho8bktxXWWj6J6FNVkq3KBroeNSCMR1bCGFecS63LUU3O9hxR0RzemK9w3L_y7mf8zULrjzHSTCkNsmnJc7g9tqk-_DKCjofcMxVGd1N3L5dF0d8e03fiXxfLjxIe3rFR-13o8EUPdjar0B_5XOkeCo3KVzqCVCHKD25mQX2vI8hRxz3mQCpguU02RMTleGMtlLhP2yWdyKVCs5oUqiPXacYhXzKuv0CNsDmZ1PKJGAck4w
12.533131,55.665578,banana rail,"<img src=""https://lh3.googleusercontent.com/umsh/AFiHsUHtfxzOLU7Adl1fyNcJqxw0TfZijcJPqey-4jbKP2PsLYunQKJBtO8XWlxJlnP5_Agn71nxAewWganpZ-Jnxg58nbgMk-VZUPBw--ZZFMsLSTAueCCdgRnpaveR7kx3JSHB3JzoGHgUl393BU6kGAlQbgl1VP_QhJArqrr1EBg9UuYiqDDTyqD2YR9ci989O3D3dc7j9XLyRw7Gm0rWa3c8RJQcdb9A595jQVwoB-sumEt7756toT3AYA5zxIcdvV3_PRppKwhcIxA1HFHPHJZGbOXAD2DIsEFqsBri8Qzl_R3yrJrwmMZVn5Oa8BiH0iCxUjd7aKKPGRVyUMsWr1RI4XwRX3BlBtiDhpSmawl4jXQRPHQN_ZouYS0dkabh2EvAZ11PbrTQTmurGPNkWzwouhckx063IaAGEchhsmn24JeDu1p9OACJbUThnUu4ofjBBE9Ip0jRCKdFHpGXHripeVe9cu7ZS5ICqphY7homNMdmMRMkXXGSWp_ihTEtxV6N43hSbyX-OiM6d30Qxc5d5Y9IafjG2RmeyB8nO55JeTk13fPnmf5fdDv1ypi0wi_eE3O9YVUgYUeWh5evR1bq8-BY8mniYRNRXxlx9WuJoBnhj00qQho69Qe2WC8ZXAbVGMRz6Lcwrn3Lfbduz4jZgK8y9sK_HiwLH0-1IS5psAhYH2tX8we4Kn9vLjQZw4uJE-d0OL3upw"" height=""200"" width=""auto"" /><br><br>More skatespots at www.topspot.global",https://lh3.googleusercontent.com/umsh/AFiHsUHtfxzOLU7Adl1fyNcJqxw0TfZijcJPqey-4jbKP2PsLYunQKJBtO8XWlxJlnP5_Agn71nxAewWganpZ-Jnxg58nbgMk-VZUPBw--ZZFMsLSTAueCCdgRnpaveR7kx3JSHB3JzoGHgUl393BU6kGAlQbgl1VP_QhJArqrr1EBg9UuYiqDDTyqD2YR9ci989O3D3dc7j9XLyRw7Gm0rWa3c8RJQcdb9A595jQVwoB-sumEt7756toT3AYA5zxIcdvV3_PRppKwhcIxA1HFHPHJZGbOXAD2DIsEFqsBri8Qzl_R3yrJrwmMZVn5Oa8BiH0iCxUjd7aKKPGRVyUMsWr1RI4XwRX3BlBtiDhpSmawl4jXQRPHQN_ZouYS0dkabh2EvAZ11PbrTQTmurGPNkWzwouhckx063IaAGEchhsmn24JeDu1p9OACJbUThnUu4ofjBBE9Ip0jRCKdFHpGXHripeVe9cu7ZS5ICqphY7homNMdmMRMkXXGSWp_ihTEtxV6N43hSbyX-OiM6d30Qxc5d5Y9IafjG2RmeyB8nO55JeTk13fPnmf5fdDv1ypi0wi_eE3O9YVUgYUeWh5evR1bq8-BY8mniYRNRXxlx9WuJoBnhj00qQho69Qe2WC8ZXAbVGMRz6Lcwrn3Lfbduz4jZgK8y9sK_HiwLH0-1IS5psAhYH2tX8we4Kn9vLjQZw4uJE-d0OL3upw
12.535248,55.66518,low to high ledges,"<img src=""https://lh3.googleusercontent.com/umsh/AFiHsUF5ngh0lhDCv5sdGfA47doAlDBykN0HnZ4GnSNT4zHW9vJM8FzWS2vWL0qwWdol9ITRtyNMWcfFMytfsLFbl-SHaWu_NHna3lmy2f4Zz7Cl8bvcThoHNpa9mRctTwkDkO-j5FGO7ptGINuFw25v7tenklwCW9yASi1n1zwZn9287eHpk_n1hvj1p-n8W8eenSyxdPj8SnaCXm11EwJg1ap4YrxfDpOsPIzvAZKTWaarum1XPVSJAyO2k6bF0ABu50veHOhdxEy_LXJCkQyCNR2LjNrHrotfgzaF77ywZeT-dL-yeEnD2_DF443KIInJvW8UOkzD6lgxvzAOqzZiKqMuQVEmEJsVlbzgEyVoEsTqtxWXI7IsFlbzJ5JgWpd83DuAlw_uwKWGJYC2LtsQjMI7-6jrCJ-rNEBhElR4dKM2osOaIYZDUDbUOOHUIBDxUldFe6S-UZfYb5C76PlAwdJjAGYaeI23IYzi0bsL1miAaqgfe5778fZxQgzSEBO_4xr0nzXbe4KvSZaaoDuRoQQ3__MKwh3RawBuPYHIU8jJOF2vSivLnOx9cv5FgbDVycpIMsCCCW5DrV05kf6oMOI0KaFx3jsvf4mCV9YKRYkM64yXSbZyh9-_dKxc83TEareStP8k2v8_ItUZo_NQuwkXzdEPdUUgvpmYeZo4-DroeIRmoZbB_o0QTZkeFgbDP1pTvKtOHD6Ibg"" height=""200"" width=""auto"" /><br><br>More skatespots at www.topspot.global",https://lh3.googleusercontent.com/umsh/AFiHsUF5ngh0lhDCv5sdGfA47doAlDBykN0HnZ4GnSNT4zHW9vJM8FzWS2vWL0qwWdol9ITRtyNMWcfFMytfsLFbl-SHaWu_NHna3lmy2f4Zz7Cl8bvcThoHNpa9mRctTwkDkO-j5FGO7ptGINuFw25v7tenklwCW9yASi1n1zwZn9287eHpk_n1hvj1p-n8W8eenSyxdPj8SnaCXm11EwJg1ap4YrxfDpOsPIzvAZKTWaarum1XPVSJAyO2k6bF0ABu50veHOhdxEy_LXJCkQyCNR2LjNrHrotfgzaF77ywZeT-dL-yeEnD2_DF443KIInJvW8UOkzD6lgxvzAOqzZiKqMuQVEmEJsVlbzgEyVoEsTqtxWXI7IsFlbzJ5JgWpd83DuAlw_uwKWGJYC2LtsQjMI7-6jrCJ-rNEBhElR4dKM2osOaIYZDUDbUOOHUIBDxUldFe6S-UZfYb5C76PlAwdJjAGYaeI23IYzi0bsL1miAaqgfe5778fZxQgzSEBO_4xr0nzXbe4KvSZaaoDuRoQQ3__MKwh3RawBuPYHIU8jJOF2vSivLnOx9cv5FgbDVycpIMsCCCW5DrV05kf6oMOI0KaFx3jsvf4mCV9YKRYkM64yXSbZyh9-_dKxc83TEareStP8k2v8_ItUZo_NQuwkXzdEPdUUgvpmYeZo4-DroeIRmoZbB_o0QTZkeFgbDP1pTvKtOHD6Ibg
12.564765,55.662353,handrail,"<img src=""https://lh3.googleusercontent.com/umsh/AFiHsUGfLZYBJfyUqVt5K_q8bkkufYVwqKBngXTTyDVH06SG83bguCtk523kgjAYRK7tv_o2MguxAzAlemp8UYdlUeQsjs1whQ87xLLmMUj27sD3BXf6Ntes_wsIEUnQDSmYFDn9Eb6S76nVHy7ZDwRQmK0DJl7n-ExGoI5LvPJhJNB5NJXt_YomXqzEha8eSGgHOSo_eu8c0WwRFukKQvh4A6rYcxO6YlklABaMcXugavXddpEhHkyoNkycjSmI5R9GMV52ZznAVXp9DnxtyiaNMHghHrGWX5RQ7sBrXnuNRNqfKuXFsewRjSQXm4Csyl9AGVnqh7gY7EguW2f2clhm9fPfqLXlcikS95GKCHZgeRnsYl2s28Dwie2Dl6jmDwsphFJSWanv2BVvphdiapf2WCLhGFq3Qw2R1qWBthn4jhQPPQo8Zin9NCm4WsWwadu81DJrOqUrr3jEw8pEm-1IULpdD8YZj6J8XZHZgBWSFXQBCgRqvWKpJ4FS5-uzxjU5fKmzMKG7qbIwLH-mZ3uOqelvqh7RLU1qZO62Vm2PjSaQkK_ivEt5OfPcsMaQUTKXupLQE7v22rf2YP6Fc6Ghg2TErTfQkPSV4ET0gs-ZQqXGAOWnv-XJoSoT8BJUojfxAKG5yKgy8lJpeFy6S-pbwCjlOW-9FZ3GJIteqbBJeyOeWhKZ7jSEEzpDRai1h40yOAolftBThfJhIg"" height=""200"" width=""auto"" /><br><br>More skatespots at www.topspot.global",https://lh3.googleusercontent.com/umsh/AFiHsUGfLZYBJfyUqVt5K_q8bkkufYVwqKBngXTTyDVH06SG83bguCtk523kgjAYRK7tv_o2MguxAzAlemp8UYdlUeQsjs1whQ87xLLmMUj27sD3BXf6Ntes_wsIEUnQDSmYFDn9Eb6S76nVHy7ZDwRQmK0DJl7n-ExGoI5LvPJhJNB5NJXt_YomXqzEha8eSGgHOSo_eu8c0WwRFukKQvh4A6rYcxO6YlklABaMcXugavXddpEhHkyoNkycjSmI5R9GMV52ZznAVXp9DnxtyiaNMHghHrGWX5RQ7sBrXnuNRNqfKuXFsewRjSQXm4Csyl9AGVnqh7gY7EguW2f2clhm9fPfqLXlcikS95GKCHZgeRnsYl2s28Dwie2Dl6jmDwsphFJSWanv2BVvphdiapf2WCLhGFq3Qw2R1qWBthn4jhQPPQo8Zin9NCm4WsWwadu81DJrOqUrr3jEw8pEm-1IULpdD8YZj6J8XZHZgBWSFXQBCgRqvWKpJ4FS5-uzxjU5fKmzMKG7qbIwLH-mZ3uOqelvqh7RLU1qZO62Vm2PjSaQkK_ivEt5OfPcsMaQUTKXupLQE7v22rf2YP6Fc6Ghg2TErTfQkPSV4ET0gs-ZQqXGAOWnv-XJoSoT8BJUojfxAKG5yKgy8lJpeFy6S-pbwCjlOW-9FZ3GJIteqbBJeyOeWhKZ7jSEEzpDRai1h40yOAolftBThfJhIg
12.56487,55.662391,3 blocks,"<img src=""https://lh3.googleusercontent.com/umsh/AFiHsUF5NkEQGBArwawigAe1JDPYfyxDvt2webkBRVHysXjqzp47lyE9FCLAlerH-7zt_99NRj9F4___jgEHZUD44QlnOeTxbJOY5sZHJaqux2eJJczCHzNdMHFoLHsOJYQwQrbli6PgJgFJ6Afgcr2u50SToFwwVBd_dytmMAxSjrogVNojeCNehrIVopDOWeMrUXO_yIhJfr0zj8u1ju_1eCf-3S8NljpzIpy1mv_OJwL-iAHX_jnOPoOiZqkor00NxMUHeHQ4glsPWloOwrkJlfTtFXZKHvjLt86ctCUN8umloq1lL0iFwtKO86sL9dcI_ocHXS9qon0L_AUuRuS6kXHJ5ulz6COxHmzNYuhlDuFmyVAeyNtTWZ0QswnQAtPGVrcfFBb5I3RM5fVvuPPTqIm-hYaKbx0CBgUiGZiEn0mAmMwYdkaWqn5aCODBFdYUFv5-m2RXdiPCHlCceXiy08NfjOIcMxzSqPAjKzDCYDrnGQR-WRFwfA5XAUQzRXrRmTCG3DH59_O4kGj7Nq3mXYaBv0bdyrNINrft8ebLQ8gdryNmK8E9SHkzejvIvDiE9T0pFabtsD_2xHEyrT35VFXSEHjeqQrBns8wkO3YLADVuLREGNO0WSodzKQhUU2K7TDonPdCEdiGBq75V7Z8FtYKlY75uDxbiBgtRROtWj-3Ycyisv2o-7jHf9fYAlRqGObAM7nzMFl3Ug"" height=""200"" width=""auto"" /><br><br>More skatespots at www.topspot.global",https://lh3.googleusercontent.com/umsh/AFiHsUF5NkEQGBArwawigAe1JDPYfyxDvt2webkBRVHysXjqzp47lyE9FCLAlerH-7zt_99NRj9F4___jgEHZUD44QlnOeTxbJOY5sZHJaqux2eJJczCHzNdMHFoLHsOJYQwQrbli6PgJgFJ6Afgcr2u50SToFwwVBd_dytmMAxSjrogVNojeCNehrIVopDOWeMrUXO_yIhJfr0zj8u1ju_1eCf-3S8NljpzIpy1mv_OJwL-iAHX_jnOPoOiZqkor00NxMUHeHQ4glsPWloOwrkJlfTtFXZKHvjLt86ctCUN8umloq1lL0iFwtKO86sL9dcI_ocHXS9qon0L_AUuRuS6kXHJ5ulz6COxHmzNYuhlDuFmyVAeyNtTWZ0QswnQAtPGVrcfFBb5I3RM5fVvuPPTqIm-hYaKbx0CBgUiGZiEn0mAmMwYdkaWqn5aCODBFdYUFv5-m2RXdiPCHlCceXiy08NfjOIcMxzSqPAjKzDCYDrnGQR-WRFwfA5XAUQzRXrRmTCG3DH59_O4kGj7Nq3mXYaBv0bdyrNINrft8ebLQ8gdryNmK8E9SHkzejvIvDiE9T0pFabtsD_2xHEyrT35VFXSEHjeqQrBns8wkO3YLADVuLREGNO0WSodzKQhUU2K7TDonPdCEdiGBq75V7Z8FtYKlY75uDxbiBgtRROtWj-3Ycyisv2o-7jHf9fYAlRqGObAM7nzMFl3Ug
12.570558,55.66705,low to high ledge,"<img src=""https://lh3.googleusercontent.com/umsh/AFiHsUGWVTdl-I8210vFlA4lRAhoM_ydZsBa51uPDopsrRAEreBhTvwvb79dMZm5W8Ehs38-ylrdvMJH6yIWe1lZzZbaGVEo1VKsYpUJxdZZWtlDa_5pxWoe7_P3QYU4lXb4E-qy0SqoLvPj6khMrzQEnf1QfIx3OoD-JlWqoc1ujSL_DH-2WeJBKbMqoO-jiL0oFFrVEY-gyzW_RsZBoniufaDWmTrTz87N90lg_d2utFrWtPKaEKM9snvSr76KggCj2SXRNKJspwG4vKXgcPTYjGtMC1RP-ySQGF66uP53kDFF7osCnbUhPJMwKVU8kJfC21MO5l5ePlZGOIjjvHoN1ABWm3LWdcGQoaKoQ21w36geUtAOL2UjV8kCn2LRX50WhLqYgOZP-l84fj5eMnWsXROcH23OYtqW5AD4zchwNngIM5Sx7pEKy1tbqREWDf3_5xzYrMtbrTyqRoGXTxoCA9L68dbUWYlioTZ9tro8qzaLHJT40CGqaxdmYVajMS-OuF6WQgZZjN7U91dMpo15u0EVJmjZRhLLqeEUArwh6xZ6H_6WmJ0jPyGJEFB2VTporCgsP6CROq8sUKtwaUySgoyIzUcjexwpNsa9SdFtWxppUwGQiuHs3iktqhPOpYKpTJIXTq28lTdeGKbJ9qjdSpYruz2lbvn2tvvwNIUqp8zuzA4fPGB9zKvxhRRNt1G8mD3thaYd7wfI"" height=""200"" width=""auto"" /><br><br>More skatespots at www.topspot.global",https://lh3.googleusercontent.com/umsh/AFiHsUGWVTdl-I8210vFlA4lRAhoM_ydZsBa51uPDopsrRAEreBhTvwvb79dMZm5W8Ehs38-ylrdvMJH6yIWe1lZzZbaGVEo1VKsYpUJxdZZWtlDa_5pxWoe7_P3QYU4lXb4E-qy0SqoLvPj6khMrzQEnf1QfIx3OoD-JlWqoc1ujSL_DH-2WeJBKbMqoO-jiL0oFFrVEY-gyzW_RsZBoniufaDWmTrTz87N90lg_d2utFrWtPKaEKM9snvSr76KggCj2SXRNKJspwG4vKXgcPTYjGtMC1RP-ySQGF66uP53kDFF7osCnbUhPJMwKVU8kJfC21MO5l5ePlZGOIjjvHoN1ABWm3LWdcGQoaKoQ21w36geUtAOL2UjV8kCn2LRX50WhLqYgOZP-l84fj5eMnWsXROcH23OYtqW5AD4zchwNngIM5Sx7pEKy1tbqREWDf3_5xzYrMtbrTyqRoGXTxoCA9L68dbUWYlioTZ9tro8qzaLHJT40CGqaxdmYVajMS-OuF6WQgZZjN7U91dMpo15u0EVJmjZRhLLqeEUArwh6xZ6H_6WmJ0jPyGJEFB2VTporCgsP6CROq8sUKtwaUySgoyIzUcjexwpNsa9SdFtWxppUwGQiuHs3iktqhPOpYKpTJIXTq28lTdeGKbJ9qjdSpYruz2lbvn2tvvwNIUqp8zuzA4fPGB9zKvxhRRNt1G8mD3thaYd7wfI
12.571051,55.668543,blocks,"<img src=""https://lh3.googleusercontent.com/umsh/AFiHsUEtL27ZVfXhZn4a0Yaw71c_q_qS9u5-2Fa6QwtaG21B32CIaQ1A0ghs0CDoveF_Vp_0cvHJ4TB-wM_PFv1EVsbGfZtP9nPMD1TZ-QX5UpWliLBcac4fhH8c_oao7Xvlu5f-XP-iv97e_VcBupHYBSt199S5600WsNlr8bXr4A9TvWoBS0xTNqVgasg81q-TUj_WGyYgYCFADRzDn8VsZXEV29CKIfKHWjQaEJ9pLKE0y7O9nb0im3iML3vjpykg58eNlDWiwznUMfqCfoh4LGBWSoCQ2K3fQHSBhSAKNN-hocHErIpxYtNu77uD85DnXxicYn47En860I8JXHrnoCeKvoeLy_rWKSom4jIWtkognCQ87J-85eY8SOBbMgUb1Zoec8KPG-FPoTPbVNYDRiI9zLNRq4I9VvXN2VgdU6Og4veWe-dNXeW3UWAhqTHPjdSWn2OTs1IsQGsLNMKqGcQXtelJPypPRQdf02G4HVd1PO_59dbftsizmjSo96VsREyrJZVVISA1GRJ2cBSyH3NIGh-2bXwVV07BUXL6qWUiPp2pRFJprWjL1f4W91TdYMMauCEupWzQ3euCsauirWMUKCbYnlo0sXW9reyCXaV44fZS3xLa0S4ughXmcxoq4TYd20V9fGmChmPtASa7sI8N5tFyCto1yGnSd_gAD9rh5gGRNrmD1OM_rfDST2Pa9aYKb0lkuDK4"" height=""200"" width=""auto"" /><br><br>More skatespots at www.topspot.global",https://lh3.googleusercontent.com/umsh/AFiHsUEtL27ZVfXhZn4a0Yaw71c_q_qS9u5-2Fa6QwtaG21B32CIaQ1A0ghs0CDoveF_Vp_0cvHJ4TB-wM_PFv1EVsbGfZtP9nPMD1TZ-QX5UpWliLBcac4fhH8c_oao7Xvlu5f-XP-iv97e_VcBupHYBSt199S5600WsNlr8bXr4A9TvWoBS0xTNqVgasg81q-TUj_WGyYgYCFADRzDn8VsZXEV29CKIfKHWjQaEJ9pLKE0y7O9nb0im3iML3vjpykg58eNlDWiwznUMfqCfoh4LGBWSoCQ2K3fQHSBhSAKNN-hocHErIpxYtNu77uD85DnXxicYn47En860I8JXHrnoCeKvoeLy_rWKSom4jIWtkognCQ87J-85eY8SOBbMgUb1Zoec8KPG-FPoTPbVNYDRiI9zLNRq4I9VvXN2VgdU6Og4veWe-dNXeW3UWAhqTHPjdSWn2OTs1IsQGsLNMKqGcQXtelJPypPRQdf02G4HVd1PO_59dbftsizmjSo96VsREyrJZVVISA1GRJ2cBSyH3NIGh-2bXwVV07BUXL6qWUiPp2pRFJprWjL1f4W91TdYMMauCEupWzQ3euCsauirWMUKCbYnlo0sXW9reyCXaV44fZS3xLa0S4ughXmcxoq4TYd20V9fGmChmPtASa7sI8N5tFyCto1yGnSd_gAD9rh5gGRNrmD1OM_rfDST2Pa9aYKb0lkuDK4
12.57402,55.670801,ledge,"<img src=""https://lh3.googleusercontent.com/umsh/AFiHsUGNzQ8A5kgWz9zYkyiXBsdX5k-fnqakPs9Uo0tlnsGycOmFPxrTTjTD9nJL3AqWXsfgbf7MQRO3Puw_-IbtGGCIWc8DsjeECjYwERcQvXqwgXajTc4ACffw1G5EMf-aB_bfl96cpnj2kDYp_aryM36mJoHeNxuhxSCAR_ADxTW2UN2uJnL5iB2OXGahaJPgcKseTn6cpjG-PRYhvBb-C7ObW9URle2aH0QrcoZ-nrdxijnBWXxfRDALaP6dkqEHew0HRGMRcwwq-E3LC0YL8ei-yeluXPxq6XJVUtxuCEqLjKayumvPhNAYbu0MjulqDQ1kmoytGj0SdJWp5QzVHqrPhBEkTv8C0XYGNKPRl5sjoknwU87tGfbdzFrtuAmgHzf3ICytT8OH7yrmE9j7co1DGcHlcQYRNXqcba8S4rg4u0_QgPn23SFV8G-M5Qy93dKaDeA7Q9a7Yr-Qf8rx63EjVuekJHNlapHFvkxFcyiagARwUz96cwLRtrbJacbM0BEyCZrBWHds9cq3iQcluaWxNc3VdjkpleMArTZpkXBFuozW3flffhQiozngFDtWrV1MWAQ2y6JZWEe9X6pxi-7W7Fjo9sn1b_pwsGVOOSNvyqMc8WxWCxNmuaywewFZzN7AvI-6XJJeaClo5q2fJg1CB09lseXvyCXD1ILOGlTw4W0qIyn47NSNO1tZ_LD7goHv8bCHeS7a"" height=""200"" width=""auto"" /><br><br>More skatespots at www.topspot.global",https://lh3.googleusercontent.com/umsh/AFiHsUGNzQ8A5kgWz9zYkyiXBsdX5k-fnqakPs9Uo0tlnsGycOmFPxrTTjTD9nJL3AqWXsfgbf7MQRO3Puw_-IbtGGCIWc8DsjeECjYwERcQvXqwgXajTc4ACffw1G5EMf-aB_bfl96cpnj2kDYp_aryM36mJoHeNxuhxSCAR_ADxTW2UN2uJnL5iB2OXGahaJPgcKseTn6cpjG-PRYhvBb-C7ObW9URle2aH0QrcoZ-nrdxijnBWXxfRDALaP6dkqEHew0HRGMRcwwq-E3LC0YL8ei-yeluXPxq6XJVUtxuCEqLjKayumvPhNAYbu0MjulqDQ1kmoytGj0SdJWp5QzVHqrPhBEkTv8C0XYGNKPRl5sjoknwU87tGfbdzFrtuAmgHzf3ICytT8OH7yrmE9j7co1DGcHlcQYRNXqcba8S4rg4u0_QgPn23SFV8G-M5Qy93dKaDeA7Q9a7Yr-Qf8rx63EjVuekJHNlapHFvkxFcyiagARwUz96cwLRtrbJacbM0BEyCZrBWHds9cq3iQcluaWxNc3VdjkpleMArTZpkXBFuozW3flffhQiozngFDtWrV1MWAQ2y6JZWEe9X6pxi-7W7Fjo9sn1b_pwsGVOOSNvyqMc8WxWCxNmuaywewFZzN7AvI-6XJJeaClo5q2fJg1CB09lseXvyCXD1ILOGlTw4W0qIyn47NSNO1tZ_LD7goHv8bCHeS7a
12.57856,55.668755,red skatepark,"<img src=""https://lh3.googleusercontent.com/umsh/AFiHsUEqTJ_fQ5HRHjL0XQHCT57dj9RwkNFMAaBgXIMfjqy6GYsTkBoXvbhIsSE2x5LuI2vDJ0ZRwT83tXOXIhD3lYwuJtANk64bcqFUIv20YEiB5YlbATslEq3J5kro7XQgB-1iZvfZrSG1EnQqWHqKW9g2k5Nh-Iv-DCIuWNtwlMcqKcf10aGSPTiCQFI0ITlXC1B_0LBvGhRs0n0-rdbPKnKav7uD6ZGHZVZhd5ENgswnZckv_E4qouwwmw8Y_XccmS_gXVlQGIBv4amVV1lm4bkezNxahszJYzr84AptNUJClQ4BMRkx4Fxz-UBVOoizru7hXgz9vVBu8djWW0kR6Y9fsnjXfOlH-4jk7RbYH-4vd6IJcaC6G2J1CBAKHSIbOTvMBiQnpAERqeSVpkB3rqRqnKAhj1RE5hNCk1EIZzrROT9Lhzn9bP-x4Om_tsVMN7-hOd9ZD6xgfNEylJnTD_2L1K69M8EWep8dE1rxJ2u6Q9LqnZ5hT77Nm0pTWI7jCc2JfSLY9nVtYxtobJllTzaXWdoF_aGfx_dQ1BII4jmWlViLcwBux0lD6Ffyncsc__bYC-wzmZbn6MAyH7l8YTGSyVul8ARA76bD7v93ASvhenE6ZUfORY5ZM84dL1rnp5lXQbaGbjCGnfg8LfMlcAxaRAEUqmhXDgP7sMdOAzrxDTg9X_LUh4chti3g9N20dUCz-Idb8QPVNA"" height=""200"" width=""auto"" /><br><br>More skatespots at www.topspot.global",https://lh3.googleusercontent.com/umsh/AFiHsUEqTJ_fQ5HRHjL0XQHCT57dj9RwkNFMAaBgXIMfjqy6GYsTkBoXvbhIsSE2x5LuI2vDJ0ZRwT83tXOXIhD3lYwuJtANk64bcqFUIv20YEiB5YlbATslEq3J5kro7XQgB-1iZvfZrSG1EnQqWHqKW9g2k5Nh-Iv-DCIuWNtwlMcqKcf10aGSPTiCQFI0ITlXC1B_0LBvGhRs0n0-rdbPKnKav7uD6ZGHZVZhd5ENgswnZckv_E4qouwwmw8Y_XccmS_gXVlQGIBv4amVV1lm4bkezNxahszJYzr84AptNUJClQ4BMRkx4Fxz-UBVOoizru7hXgz9vVBu8djWW0kR6Y9fsnjXfOlH-4jk7RbYH-4vd6IJcaC6G2J1CBAKHSIbOTvMBiQnpAERqeSVpkB3rqRqnKAhj1RE5hNCk1EIZzrROT9Lhzn9bP-x4Om_tsVMN7-hOd9ZD6xgfNEylJnTD_2L1K69M8EWep8dE1rxJ2u6Q9LqnZ5hT77Nm0pTWI7jCc2JfSLY9nVtYxtobJllTzaXWdoF_aGfx_dQ1BII4jmWlViLcwBux0lD6Ffyncsc__bYC-wzmZbn6MAyH7l8YTGSyVul8ARA76bD7v93ASvhenE6ZUfORY5ZM84dL1rnp5lXQbaGbjCGnfg8LfMlcAxaRAEUqmhXDgP7sMdOAzrxDTg9X_LUh4chti3g9N20dUCz-Idb8QPVNA
12.592221,55.663031,uni plaza,"<img src=""https://lh3.googleusercontent.com/umsh/AFiHsUEXQ1KyWsb-PEkMDI8VQtWCxx2ddSVeIHn4VYmxWt3pGxi55CWcbMo21-YFK8KP39c007ST3_mWJ_VRF5hdlKDwz1INvtWukASQo1eRsjQtxRPtKhaogVQZyNey004RlVuIGkI9pzdQR9jhTKwpfPyqzf9W7IxZ4Gs063tzTsNWlPzWOLTZqoB9DM3C-2kxrqxISX-AMiac5YR-Th9glw3rrCByuVoPq_d_jiGZ1ZxRK2e8Ee3ndr3v2D-P_yWq0WWRg7owgpXjKmNDiFJMjM-ZBUcZr9Txk3fgp3hSnekqm5aqB3oWJZXpP5jeTW9IaEp5LvWTkcTnRgXoE52VFNr3d_4p9Ol0oR8oE6dFUP4nBzLzuSbScOd2-9niZNFt0jcwsJ-hsWH4Jr5Z_NQrIhTJjDNR0zpSDlvGbKlqX9D_iuoeRgnIvKXDvIVs_0buobt818dr_BCWdgxQq2kGddvpaeRuU2sFKRWopGxoaDR7mCEmG-Nh4xt2l7Kn70KEMHA15i07PfSYfuj55VJIt0miLnKMlNUjqesKm2cp-CKS1q2TsarLDk3oIcCZx4QXkh_Nzb7qkb1LDgncDfn3TGZcjV2hz8-yHJtTxqj6sl3fY7VLbIGpYSGPBQhvKAGqjzI6wQC4cootu2WMuxP7aXnr-ZbWMLwk24p6_9SW2k6KH8ZSZYPX5UHiqYae1HgOgFCLuGXcb7_3yg"" height=""200"" width=""auto"" /><br><br>More skatespots at www.topspot.global",https://lh3.googleusercontent.com/umsh/AFiHsUEXQ1KyWsb-PEkMDI8VQtWCxx2ddSVeIHn4VYmxWt3pGxi55CWcbMo21-YFK8KP39c007ST3_mWJ_VRF5hdlKDwz1INvtWukASQo1eRsjQtxRPtKhaogVQZyNey004RlVuIGkI9pzdQR9jhTKwpfPyqzf9W7IxZ4Gs063tzTsNWlPzWOLTZqoB9DM3C-2kxrqxISX-AMiac5YR-Th9glw3rrCByuVoPq_d_jiGZ1ZxRK2e8Ee3ndr3v2D-P_yWq0WWRg7owgpXjKmNDiFJMjM-ZBUcZr9Txk3fgp3hSnekqm5aqB3oWJZXpP5jeTW9IaEp5LvWTkcTnRgXoE52VFNr3d_4p9Ol0oR8oE6dFUP4nBzLzuSbScOd2-9niZNFt0jcwsJ-hsWH4Jr5Z_NQrIhTJjDNR0zpSDlvGbKlqX9D_iuoeRgnIvKXDvIVs_0buobt818dr_BCWdgxQq2kGddvpaeRuU2sFKRWopGxoaDR7mCEmG-Nh4xt2l7Kn70KEMHA15i07PfSYfuj55VJIt0miLnKMlNUjqesKm2cp-CKS1q2TsarLDk3oIcCZx4QXkh_Nzb7qkb1LDgncDfn3TGZcjV2hz8-yHJtTxqj6sl3fY7VLbIGpYSGPBQhvKAGqjzI6wQC4cootu2WMuxP7aXnr-ZbWMLwk24p6_9SW2k6KH8ZSZYPX5UHiqYae1HgOgFCLuGXcb7_3yg
12.650276,55.654569,double set,"<img src=""https://lh3.googleusercontent.com/umsh/AFiHsUE61v4zHyydhKssn0rcs2XYx2GIblH6NRimlzCx7n6uNqccyxzEXI9eBIK_yUsYJlqqiT-8Mv54iMhSX685HCKLg2ivDeLAGxigk_94YMiegNbGRpqVEbxvkDwDvx6Ydg4BCubAYSr3Ji4gUnkOnTXNogpVlgaWIPqiQCpvPzkbCxt8dbNhjtSpgYCL9fpKKa8aMvJ4Ni11XK9bWzUjcS7VcPNhRNB5FEE9u-wARdUfi0HhPkPlIYyapKkst4RwhOUzuL8gLUR_tChLtzrnlgL9tIxv-_41G9kxYG7ItqQK1A2-gyHmqAp_rSqVu0lnMCjSIyrR2dPLozyByVr2wHWb7CtoJIxj_LLOUdOucfc_JXK82e3E3q_d6PEjGa98eGZVswiSt3EjQX_Dt6P-R4hCx248aPc55Zf-wsO4KqY1sihH7IZXBKBO21lktG-_DIWJN-68wkgL66uzHnyAEcLssF70QLclU_jU323p9Fj74NKupdhtBByHIHFsgIQVMax1GySR9vaGZ6NPJcsHUgI1Je6Dv6ucdYFQR2q7SQ8aOU1yjNVsZmxsKu5eiGjo0tA0U_LUoA1uViSr7HGozmXBh4qMkJyooPxgl3L5OF1o5b9w8FfRa6AJ25wJ5nopZ4jb8VIYKdpo8PwsvpVQQs1yZJqKuNrPYTuItqxpl_F32VkvPQv0Vzj7aGZf4nubV-8hfVAmFdSg8g"" height=""200"" width=""auto"" /><br><br>More skatespots at www.topspot.global",https://lh3.googleusercontent.com/umsh/AFiHsUE61v4zHyydhKssn0rcs2XYx2GIblH6NRimlzCx7n6uNqccyxzEXI9eBIK_yUsYJlqqiT-8Mv54iMhSX685HCKLg2ivDeLAGxigk_94YMiegNbGRpqVEbxvkDwDvx6Ydg4BCubAYSr3Ji4gUnkOnTXNogpVlgaWIPqiQCpvPzkbCxt8dbNhjtSpgYCL9fpKKa8aMvJ4Ni11XK9bWzUjcS7VcPNhRNB5FEE9u-wARdUfi0HhPkPlIYyapKkst4RwhOUzuL8gLUR_tChLtzrnlgL9tIxv-_41G9kxYG7ItqQK1A2-gyHmqAp_rSqVu0lnMCjSIyrR2dPLozyByVr2wHWb7CtoJIxj_LLOUdOucfc_JXK82e3E3q_d6PEjGa98eGZVswiSt3EjQX_Dt6P-R4hCx248aPc55Zf-wsO4KqY1sihH7IZXBKBO21lktG-_DIWJN-68wkgL66uzHnyAEcLssF70QLclU_jU323p9Fj74NKupdhtBByHIHFsgIQVMax1GySR9vaGZ6NPJcsHUgI1Je6Dv6ucdYFQR2q7SQ8aOU1yjNVsZmxsKu5eiGjo0tA0U_LUoA1uViSr7HGozmXBh4qMkJyooPxgl3L5OF1o5b9w8FfRa6AJ25wJ5nopZ4jb8VIYKdpo8PwsvpVQQs1yZJqKuNrPYTuItqxpl_F32VkvPQv0Vzj7aGZf4nubV-8hfVAmFdSg8g
12.648796,55.654349,ledge,"<img src=""https://lh3.googleusercontent.com/umsh/AFiHsUFlyYZw4qmiCl9Is2WQJbFWjm6EyoRGLq9Hl9Drh6Zp11b1OZus5WJtJaLyvN-7JZ6sSdPTvDub8urKtI9BAaZUeIrqprgGAKtW5PyI0-fbDcy6PhWw46VCa6AwaxIIsAMOhiI1Y0PHX6VCkQHEZoXMSek2ik9Z8pwcpIEGd_-W9zy-V_KIG2FzVC57f6q4Ulgj3UXUrOiQTX2nJdQNk3KBDIsz3rGbSHdgGw1X32hhIFKNi_jZbN7IPWEbZklzOwxUMQWdZkISr1HABsh0-dsL_uVno2Xm-P65ZyZ0gFlWmJt8oKm1XaLp-GVbzcs4xaOWShpsZD1QCmq4KhIw4vYRRPwkDjmYQ7wMbNTeZONSLlNdRErg7W_3A5INnlCRUZbpBwcpBbgm-PtaOwrUFnRhWLpDD0JbOkWE66gDTyMFcyNmIl-FESz1rmqIE2PJv-m6lskC_TwB-bytwDFKydongPShEX7kLTG74_lqeolD1eA3-xrR1mL97XohDPlZndQAA1EkXoOu8Y4o8kocNPlmeDmKVNldayPa4LCx_SLhVjJK2-z_Hq06RlDDIouMleAc83YcvWPep37ji_kgeMmrD714_XW7D9coxymRWiRxqK634RGb1aeDRzI79EwjYqVJrY4XPnKwEtsSTdCoLE5lMr2-0xxhTa2FL5ckUpZHvaop1lkGydkVv65ooxxxgQ8euF9whIIZ"" height=""200"" width=""auto"" /><br><br>More skatespots at www.topspot.global",https://lh3.googleusercontent.com/umsh/AFiHsUFlyYZw4qmiCl9Is2WQJbFWjm6EyoRGLq9Hl9Drh6Zp11b1OZus5WJtJaLyvN-7JZ6sSdPTvDub8urKtI9BAaZUeIrqprgGAKtW5PyI0-fbDcy6PhWw46VCa6AwaxIIsAMOhiI1Y0PHX6VCkQHEZoXMSek2ik9Z8pwcpIEGd_-W9zy-V_KIG2FzVC57f6q4Ulgj3UXUrOiQTX2nJdQNk3KBDIsz3rGbSHdgGw1X32hhIFKNi_jZbN7IPWEbZklzOwxUMQWdZkISr1HABsh0-dsL_uVno2Xm-P65ZyZ0gFlWmJt8oKm1XaLp-GVbzcs4xaOWShpsZD1QCmq4KhIw4vYRRPwkDjmYQ7wMbNTeZONSLlNdRErg7W_3A5INnlCRUZbpBwcpBbgm-PtaOwrUFnRhWLpDD0JbOkWE66gDTyMFcyNmIl-FESz1rmqIE2PJv-m6lskC_TwB-bytwDFKydongPShEX7kLTG74_lqeolD1eA3-xrR1mL97XohDPlZndQAA1EkXoOu8Y4o8kocNPlmeDmKVNldayPa4LCx_SLhVjJK2-z_Hq06RlDDIouMleAc83YcvWPep37ji_kgeMmrD714_XW7D9coxymRWiRxqK634RGb1aeDRzI79EwjYqVJrY4XPnKwEtsSTdCoLE5lMr2-0xxhTa2FL5ckUpZHvaop1lkGydkVv65ooxxxgQ8euF9whIIZ
12.648474,55.654458,low to high ledge,"<img src=""https://lh3.googleusercontent.com/umsh/AFiHsUH7AC7UM93LAWChm_wMKXr5O2TgPGKN3OrAVfyK60UOc-iIg-g7m-I46QzG9VngTD29eXZxzuMpTBvCLWeDFyKVsMXUoS1neXL9X7YVZj8G3knhDZtak3rYy1iEzaRpA95Y4kMqfYZV7cInGU6L33-O-oGgHhueSjErUl6GL-ROEw3UE8WFHVFe-se3StFIDAvttcuac5bAKQk97T-sjlyv8Hjdt9_MhJCg-TF-yYEngR-wuJUQMyhYclSrV0ZJVX-Yva1yoIqCgRCZ7RYUJAGet0AyT8vFbaNwm8zFl8JdOJ21uu3d0Zp0iOBrgJa7A4NQPSrFKdUhbw4dZyDNLj1nfyIIK9WYKVcDw33-5BwCMZBlHDkXaa2f7NqmtfaJWlcLyK0EZiENnxcw4qjA0N0TY5QyaYGGCLcRg8M5sltGiKkjpSubJpgpQhjbx5JkPyK20B96A4Fv6a_o2J5f9swgMabZuTBt0S5QLs4wVllh8K7FEZsOKXTUbxLZ-wFqH93flLzpxTebaVGRnaMmG3YZsTqOsXTiaI909AFDu_INSLJWkGKAtcPwlUENnvBxc-_0NtURsO55RDhbRcE_ORU_1sQNxp1EJiHCcvrTNNGfSZRKUNl6um6CXu_AYG38pfqMcPodPMC0MQzcyv610jqE0EtFT_S9W0h-gNUM_T75XjO-Ik3AnK1MrRxHrDiQvIuotEh532o4ew"" height=""200"" width=""auto"" /><br><br>More skatespots at www.topspot.global",https://lh3.googleusercontent.com/umsh/AFiHsUH7AC7UM93LAWChm_wMKXr5O2TgPGKN3OrAVfyK60UOc-iIg-g7m-I46QzG9VngTD29eXZxzuMpTBvCLWeDFyKVsMXUoS1neXL9X7YVZj8G3knhDZtak3rYy1iEzaRpA95Y4kMqfYZV7cInGU6L33-O-oGgHhueSjErUl6GL-ROEw3UE8WFHVFe-se3StFIDAvttcuac5bAKQk97T-sjlyv8Hjdt9_MhJCg-TF-yYEngR-wuJUQMyhYclSrV0ZJVX-Yva1yoIqCgRCZ7RYUJAGet0AyT8vFbaNwm8zFl8JdOJ21uu3d0Zp0iOBrgJa7A4NQPSrFKdUhbw4dZyDNLj1nfyIIK9WYKVcDw33-5BwCMZBlHDkXaa2f7NqmtfaJWlcLyK0EZiENnxcw4qjA0N0TY5QyaYGGCLcRg8M5sltGiKkjpSubJpgpQhjbx5JkPyK20B96A4Fv6a_o2J5f9swgMabZuTBt0S5QLs4wVllh8K7FEZsOKXTUbxLZ-wFqH93flLzpxTebaVGRnaMmG3YZsTqOsXTiaI909AFDu_INSLJWkGKAtcPwlUENnvBxc-_0NtURsO55RDhbRcE_ORU_1sQNxp1EJiHCcvrTNNGfSZRKUNl6um6CXu_AYG38pfqMcPodPMC0MQzcyv610jqE0EtFT_S9W0h-gNUM_T75XjO-Ik3AnK1MrRxHrDiQvIuotEh532o4ew
12.648578,55.654723,3 stairs,"<img src=""https://lh3.googleusercontent.com/umsh/AFiHsUFMtiMvrtXKZE-KYY-kO_aNLHp6F6dVjJmdIwJWC4zf343K9EnUaPNPRLQbX2tSe_tCWBGFaPsphEfG7-YM0tozvTvhcaENOs0makEKMfmPJoV1zVLjKmiDUebuXV7pe6Tud6f34nIdJyhsVGd2nsYBxilnO-2wYtaygzCjR16A6UoWIJS5rLvq-pS54DyrlO12iW2VfdHyXQd7RL057JSh-J7CMTAL6FRnt-YQuEIh1MWTSccAx2rzXQf-rBGWSaY5FLjrI9_p9Pq0RLey6rOkjoKswSUjlc8XS0av4QRn8TNAI22DsEvEQbTrI-4cPVSGvYYuVehujH-5hfQWyAVW0WPPxKtSfP_goJoLoSh7Uf-4PLKmofoKw-MPlo7deN0B19IPDL2mQSKumdHkwXs24GSYG4C1zCUDa76t5bMl4lwln72FYYhSGeR6c-Siv2jsCbsG3kNuk8FZY9f077M13_oS_11MotoYgM70mPZQTkW9XasFb_ejQFFhBViZ0i6macigTvzofn9wJSEKqAia5elMHCj69cORFjiAnONNeyjlnQH_6QTTa3bUGYHmZSKSd5Rx2PyeJCPDA_wiqfwqCFaCkUFJqxTLqa6OvSUqsxb_Bva6fH4vWDI1BO5DTTABIH8L18n8-NhyUl09b1JimK15g6x7JIv0kPcIw1chaR7GJL8W01Z-x8NuBYCPdze46OAfxK1P"" height=""200"" width=""auto"" /><br><br>More skatespots at www.topspot.global",https://lh3.googleusercontent.com/umsh/AFiHsUFMtiMvrtXKZE-KYY-kO_aNLHp6F6dVjJmdIwJWC4zf343K9EnUaPNPRLQbX2tSe_tCWBGFaPsphEfG7-YM0tozvTvhcaENOs0makEKMfmPJoV1zVLjKmiDUebuXV7pe6Tud6f34nIdJyhsVGd2nsYBxilnO-2wYtaygzCjR16A6UoWIJS5rLvq-pS54DyrlO12iW2VfdHyXQd7RL057JSh-J7CMTAL6FRnt-YQuEIh1MWTSccAx2rzXQf-rBGWSaY5FLjrI9_p9Pq0RLey6rOkjoKswSUjlc8XS0av4QRn8TNAI22DsEvEQbTrI-4cPVSGvYYuVehujH-5hfQWyAVW0WPPxKtSfP_goJoLoSh7Uf-4PLKmofoKw-MPlo7deN0B19IPDL2mQSKumdHkwXs24GSYG4C1zCUDa76t5bMl4lwln72FYYhSGeR6c-Siv2jsCbsG3kNuk8FZY9f077M13_oS_11MotoYgM70mPZQTkW9XasFb_ejQFFhBViZ0i6macigTvzofn9wJSEKqAia5elMHCj69cORFjiAnONNeyjlnQH_6QTTa3bUGYHmZSKSd5Rx2PyeJCPDA_wiqfwqCFaCkUFJqxTLqa6OvSUqsxb_Bva6fH4vWDI1BO5DTTABIH8L18n8-NhyUl09b1JimK15g6x7JIv0kPcIw1chaR7GJL8W01Z-x8NuBYCPdze46OAfxK1P
12.632296,55.662171,round wheely tables,"<img src=""https://lh3.googleusercontent.com/umsh/AFiHsUGXq5qL2bbASUEhux_J0_MD5EFd9X0DM6KiWNM515z9Kp69nt1D2IcYaOcTULiXPGVMV7sKPSKQhbPwjqwJPSQf_bbhSJQ_QihiwtgoRDv0QQ1MWocbYVuW0i875UlwScUdRNPe9Cz-Q9AQURK6sVpYuGqiqpVJTnvS-UfcdYqwBMSP9e6tXvhXp3MtJ40fPbxVTfhlhNE7fC0_lSPfZNCH-IEg5-G8JCjqcnxSq4cvxVcq-cyblcRr9PwRmN8v7WbYAhSWcPtGNJWdodvuYTkTA170QgLFxa5hYT3F51WBZNJ52BbT32mJyOPQqSJRytNQdMUWvrBtAYEi8lD4aPpMkEYb-G1OvSfGAg3D9GUg5IRelwogFt5hwCdv6dsi6GQEigOFNk9ZdmxeeV8qCMlfkX6O97ub2c98DeAMg_TSOqLSlzQ8CJK1sqdpSqJuYrqMrKJJ_ntQmqVQ1CUMfwYszGywTdIkZmSAcpG-JTg78Gv30ussLCnvWrtM7T9P2BZbq-73gkDaBiReZyE5y5fgAQh4GL_J6QrjJ5pGnNLj3c705v34RYh1NobzZ9s-6OVgkxR9lskrwKprSkBy3UZIePiCFbMQPAsWRXHTksksvduej3WxFiPeXMwHnkIRfeIhTe9DQRbytE2tYJMtiHidL91-XLtM-Ob26wGCgfYbGZjgaSx4BT7mynpSh_lCH3pLu3nUInEM5g"" height=""200"" width=""auto"" /><br><br>More skatespots at www.topspot.global",https://lh3.googleusercontent.com/umsh/AFiHsUGXq5qL2bbASUEhux_J0_MD5EFd9X0DM6KiWNM515z9Kp69nt1D2IcYaOcTULiXPGVMV7sKPSKQhbPwjqwJPSQf_bbhSJQ_QihiwtgoRDv0QQ1MWocbYVuW0i875UlwScUdRNPe9Cz-Q9AQURK6sVpYuGqiqpVJTnvS-UfcdYqwBMSP9e6tXvhXp3MtJ40fPbxVTfhlhNE7fC0_lSPfZNCH-IEg5-G8JCjqcnxSq4cvxVcq-cyblcRr9PwRmN8v7WbYAhSWcPtGNJWdodvuYTkTA170QgLFxa5hYT3F51WBZNJ52BbT32mJyOPQqSJRytNQdMUWvrBtAYEi8lD4aPpMkEYb-G1OvSfGAg3D9GUg5IRelwogFt5hwCdv6dsi6GQEigOFNk9ZdmxeeV8qCMlfkX6O97ub2c98DeAMg_TSOqLSlzQ8CJK1sqdpSqJuYrqMrKJJ_ntQmqVQ1CUMfwYszGywTdIkZmSAcpG-JTg78Gv30ussLCnvWrtM7T9P2BZbq-73gkDaBiReZyE5y5fgAQh4GL_J6QrjJ5pGnNLj3c705v34RYh1NobzZ9s-6OVgkxR9lskrwKprSkBy3UZIePiCFbMQPAsWRXHTksksvduej3WxFiPeXMwHnkIRfeIhTe9DQRbytE2tYJMtiHidL91-XLtM-Ob26wGCgfYbGZjgaSx4BT7mynpSh_lCH3pLu3nUInEM5g
12.618555,55.668652,crazy skatepark,"<img src=""https://lh3.googleusercontent.com/umsh/AFiHsUEV6UQEPNbXbjG7og2TO-IrPyNy-28SbG6vv54Q1eIR1NfHCKEzBbA-TJ2ZXDpVqRYsaLY3a_9FlBxHy2YQrtZdKQWB5_QpzbkhqLYafzCNvsQI4sF8AVz7Y2EwGq8S73zGKy39cvm7jmB43xlMoqgcl3OeFD0OeXg_HwC3cNZ43_ovQ4LSgEvrglAK1qFa_oiQQdCsb7paUERdOqEIwPb2-0iol4IH2UPIakHBkaUG2fjBEBkgYq5tSR_FmudgwCjaMbdB9vI4FQbfzsWCKRpdMTGNp05zcR3MzhmfioQLsCSHKAFaHUxVFebFKNr15aRG6I62TjpdCBzMcn2Mc0WtYSUiThPIfM3UpnCsr_wXC7wHygGrO_aslHA6ikJVwo54zGhqVhzROXMhlwX75Jd2prSYdpu3ckqHfMbiHKpOrH_eJZagtaMaSHLRpegKWvLl6ry6v-p4WmAT05BcwVnskRM4lwYuca_jaBISATUtkuROP27llDpezhkVdaGfY2mcL6vzUO1Hmua9GaGFzAykbB15tud1Uvzcskwc9TF5Du5va5iLoZyYCP0ohTlQ0SarpI31v8HILnh-GYVe-eW_STWnb6uaROEdBBRttFzWVFGbXhJAW7EmPwOYlZH6H3Tw_chNd2Zu7VSFQqw_1PzATfSH1SpCmCFs9EExFtwaed2su-B07ensSTzKn3rbJQ51Xm9jVTWl"" height=""200"" width=""auto"" /><br><br>More skatespots at www.topspot.global",https://lh3.googleusercontent.com/umsh/AFiHsUEV6UQEPNbXbjG7og2TO-IrPyNy-28SbG6vv54Q1eIR1NfHCKEzBbA-TJ2ZXDpVqRYsaLY3a_9FlBxHy2YQrtZdKQWB5_QpzbkhqLYafzCNvsQI4sF8AVz7Y2EwGq8S73zGKy39cvm7jmB43xlMoqgcl3OeFD0OeXg_HwC3cNZ43_ovQ4LSgEvrglAK1qFa_oiQQdCsb7paUERdOqEIwPb2-0iol4IH2UPIakHBkaUG2fjBEBkgYq5tSR_FmudgwCjaMbdB9vI4FQbfzsWCKRpdMTGNp05zcR3MzhmfioQLsCSHKAFaHUxVFebFKNr15aRG6I62TjpdCBzMcn2Mc0WtYSUiThPIfM3UpnCsr_wXC7wHygGrO_aslHA6ikJVwo54zGhqVhzROXMhlwX75Jd2prSYdpu3ckqHfMbiHKpOrH_eJZagtaMaSHLRpegKWvLl6ry6v-p4WmAT05BcwVnskRM4lwYuca_jaBISATUtkuROP27llDpezhkVdaGfY2mcL6vzUO1Hmua9GaGFzAykbB15tud1Uvzcskwc9TF5Du5va5iLoZyYCP0ohTlQ0SarpI31v8HILnh-GYVe-eW_STWnb6uaROEdBBRttFzWVFGbXhJAW7EmPwOYlZH6H3Tw_chNd2Zu7VSFQqw_1PzATfSH1SpCmCFs9EExFtwaed2su-B07ensSTzKn3rbJQ51Xm9jVTWl
12.580616,55.672599,other,"<img src=""https://lh3.googleusercontent.com/umsh/AFiHsUE4ItegHGtic7cq3N-LlSJX_bsgY6sLRrCm-2zETL3-8DvrGLKOevkmZOTA2XLeyOrQvM9E_3e79fTHHtF2SrTDT6txxtgRdDBuZIkIQ58_tfELVgmzUvdLoHQR1Jkn0-UqciDZxvx61WL4JDoby77-Ngo3XSof63IZCS4qMNAQfF0KRZ01M3xq913Ebn7_pJY_2ae4FfAlFah9niXIJUShAvsTxZtfCDMp2IbSCd1QR0B9_FJkrUDS5EGef5lGoL47MU6eYgTR4Ldbn5-P05-96uVsOFtL7YcG4I8BRGGsxk7ZO3VAGCvC3I7YALn5LaHFzi3mTZ-qAToDcCRb2o7js4_uth4VVbRqoDzvrVlw8yGPTvxUmxMr8gxgu8e8c-GtmHgc8tqdpNPRLqGFW6KoKPFVFUZ5rjJr6qdxL0DAO3T2J5Vpz5imRZYUPQuwaywWPf0KYiUOpsUiGarXzqreJ0X9wHn4WSzLd9LebwphbhrgMMAe58JTAXS4v9IDWf485s6VYZyRjUVAVbe9bgTdkGJk_fmzWzDWrShlSNStGveqZT4nXUTHBKE75Zgm3jorQ_xV0b7zwX1kT-ApjwpHKHVaN1ldBdoFX6JSLARa6wcwE53o92colmDl_U5ibGagPXhILzLO_n0sfzFq9t-iKnkaH0EMcnV5nA0Sch125QnnDepIUaW08lo6SRUAPiHpLvmZMZmV"" height=""200"" width=""auto"" /><br><br>More skatespots at www.topspot.global",https://lh3.googleusercontent.com/umsh/AFiHsUE4ItegHGtic7cq3N-LlSJX_bsgY6sLRrCm-2zETL3-8DvrGLKOevkmZOTA2XLeyOrQvM9E_3e79fTHHtF2SrTDT6txxtgRdDBuZIkIQ58_tfELVgmzUvdLoHQR1Jkn0-UqciDZxvx61WL4JDoby77-Ngo3XSof63IZCS4qMNAQfF0KRZ01M3xq913Ebn7_pJY_2ae4FfAlFah9niXIJUShAvsTxZtfCDMp2IbSCd1QR0B9_FJkrUDS5EGef5lGoL47MU6eYgTR4Ldbn5-P05-96uVsOFtL7YcG4I8BRGGsxk7ZO3VAGCvC3I7YALn5LaHFzi3mTZ-qAToDcCRb2o7js4_uth4VVbRqoDzvrVlw8yGPTvxUmxMr8gxgu8e8c-GtmHgc8tqdpNPRLqGFW6KoKPFVFUZ5rjJr6qdxL0DAO3T2J5Vpz5imRZYUPQuwaywWPf0KYiUOpsUiGarXzqreJ0X9wHn4WSzLd9LebwphbhrgMMAe58JTAXS4v9IDWf485s6VYZyRjUVAVbe9bgTdkGJk_fmzWzDWrShlSNStGveqZT4nXUTHBKE75Zgm3jorQ_xV0b7zwX1kT-ApjwpHKHVaN1ldBdoFX6JSLARa6wcwE53o92colmDl_U5ibGagPXhILzLO_n0sfzFq9t-iKnkaH0EMcnV5nA0Sch125QnnDepIUaW08lo6SRUAPiHpLvmZMZmV
12.578801,55.672472,other ?,"<img src=""https://lh3.googleusercontent.com/umsh/AFiHsUF-0BXgFAmfLT8dODtdVn2vX0UXb6UcoKxn2MgpCDpI7D4tzTB_MGfzEpD5WMAGiJgXka1nSPFqwT6_yLSAO43hYqGi9Dgd7du7AfP7I0EIYxrbsMLUZY0v5dfYKhkzcIoVlq8TqbJPLJ8R_OZ0fYKn9DIiUeVQZ9AfESHfvRlQlpHo7fjG2erLizn4-1XzMQ68C4qIhugFvjyyMSoFwh3Py8fiG46csmkkOJFqXE8ap7E8TfiMVbveZaOThs10Pr-3LhaZro3Evp8TVrpbixpmCx2LmQTINPcv65Uph1woRCNPin8owWZzVg5z6LdnQvWO1H9PP1T2VKGiP2xR8sBRtTrz0LtGvoe-YbXmcgSe068lccRxjDyvoSwIb0XpMiqnGnuDvxHbmjaa0JgpaIlPlEQWOEIWRRou0s1Ld73Hnh2k0RtEuviTcP2BEcHlFMjlh1nvxEncED6d-MzsaJrKHrWpd5ufO3-YKmu-NEHoGd1SEEAup9Sxpqc7JAq0FZ5mVQK8mtJCjEi2U7tgUHwnN4DJ2rWgx_qeEncIW6XSrr6_jjkBvb-M9WDWSAVqasLjiLKDyJb0_ucZZbwH1zRPonkfYiy84MD3Ej9UGhnzGy8Rzfs7Glq7YIbZv_MOku1KoYLIa-2RSHgGVLwxDCD4qwA29pRM9C95d2QErn-RQ2Gi3642FUDVOdOO-E7n0hLrcBl2EFuAYA"" height=""200"" width=""auto"" /><br><br>More skatespots at www.topspot.global",https://lh3.googleusercontent.com/umsh/AFiHsUF-0BXgFAmfLT8dODtdVn2vX0UXb6UcoKxn2MgpCDpI7D4tzTB_MGfzEpD5WMAGiJgXka1nSPFqwT6_yLSAO43hYqGi9Dgd7du7AfP7I0EIYxrbsMLUZY0v5dfYKhkzcIoVlq8TqbJPLJ8R_OZ0fYKn9DIiUeVQZ9AfESHfvRlQlpHo7fjG2erLizn4-1XzMQ68C4qIhugFvjyyMSoFwh3Py8fiG46csmkkOJFqXE8ap7E8TfiMVbveZaOThs10Pr-3LhaZro3Evp8TVrpbixpmCx2LmQTINPcv65Uph1woRCNPin8owWZzVg5z6LdnQvWO1H9PP1T2VKGiP2xR8sBRtTrz0LtGvoe-YbXmcgSe068lccRxjDyvoSwIb0XpMiqnGnuDvxHbmjaa0JgpaIlPlEQWOEIWRRou0s1Ld73Hnh2k0RtEuviTcP2BEcHlFMjlh1nvxEncED6d-MzsaJrKHrWpd5ufO3-YKmu-NEHoGd1SEEAup9Sxpqc7JAq0FZ5mVQK8mtJCjEi2U7tgUHwnN4DJ2rWgx_qeEncIW6XSrr6_jjkBvb-M9WDWSAVqasLjiLKDyJb0_ucZZbwH1zRPonkfYiy84MD3Ej9UGhnzGy8Rzfs7Glq7YIbZv_MOku1KoYLIa-2RSHgGVLwxDCD4qwA29pRM9C95d2QErn-RQ2Gi3642FUDVOdOO-E7n0hLrcBl2EFuAYA
12.57394,55.673867,kicker,"<img src=""https://lh3.googleusercontent.com/umsh/AFiHsUHysCEFgGOgVZcFyGrX0DQrzAxt95MIhVx31-FiInbYp9P4tD-4zcoTD7NgBFRLR5Ef48t8_Rb5VdMoIQhVytzVW-DUtSuBraLAQ0IUUB8jqvQK15RGn8yP6acVA4FPbl0Ka4F7XVeV3xCW7vxDfEh0EmH21nirQZ6PG8rQLZPhu5J-YUpYjb4X_I3WYchazKO_KLJLomdUqmR7HhAprtx8XkNu2xZICqguLyrTfcCpwV_J-Bs5twdh-vBC_oQCu7vUWfl528d7aRuT0oiV81Rd6Lwh2nHdBrTV70ytB_sENNlgNO7Xb4XQIaRCk_BVZsXLB1fCxH-kIAE6-oIqbCK5lXpK7UtpOSdRwBgCGKRlrRS1_jNawn_FLXAuDlKN07iRqvu3DYaOMNjvx67r_e8Yq5X5vpIacbxOP5JyzOEyCCuigElKLQ7Ez8dDGlln-pET56iRMqRs131PhSF3KzCJUakbgbTkyJvZTPQkOwMKPe1fbRIRkVKVyiY3M8ivFqqwj41VzqzOZxJCjZoeT90eer8gOJoaNbWkU02-3ycLztCS8CsO8UkrZHF3yRbvYg3mg3YEL6Fybu685FVOfIPouGnyvsodJ9H2Y1WlMXuHFJ-2ypyhliagHF1jhMo1NPAhq2kVqlTJkEf1Ef8zHobjWiiJV_U0u4cyYpk7eMqOAqvyYCR-bjE0Hq6nF-wBumr1NItEWmilvQ"" height=""200"" width=""auto"" /><br><br>More skatespots at www.topspot.global",https://lh3.googleusercontent.com/umsh/AFiHsUHysCEFgGOgVZcFyGrX0DQrzAxt95MIhVx31-FiInbYp9P4tD-4zcoTD7NgBFRLR5Ef48t8_Rb5VdMoIQhVytzVW-DUtSuBraLAQ0IUUB8jqvQK15RGn8yP6acVA4FPbl0Ka4F7XVeV3xCW7vxDfEh0EmH21nirQZ6PG8rQLZPhu5J-YUpYjb4X_I3WYchazKO_KLJLomdUqmR7HhAprtx8XkNu2xZICqguLyrTfcCpwV_J-Bs5twdh-vBC_oQCu7vUWfl528d7aRuT0oiV81Rd6Lwh2nHdBrTV70ytB_sENNlgNO7Xb4XQIaRCk_BVZsXLB1fCxH-kIAE6-oIqbCK5lXpK7UtpOSdRwBgCGKRlrRS1_jNawn_FLXAuDlKN07iRqvu3DYaOMNjvx67r_e8Yq5X5vpIacbxOP5JyzOEyCCuigElKLQ7Ez8dDGlln-pET56iRMqRs131PhSF3KzCJUakbgbTkyJvZTPQkOwMKPe1fbRIRkVKVyiY3M8ivFqqwj41VzqzOZxJCjZoeT90eer8gOJoaNbWkU02-3ycLztCS8CsO8UkrZHF3yRbvYg3mg3YEL6Fybu685FVOfIPouGnyvsodJ9H2Y1WlMXuHFJ-2ypyhliagHF1jhMo1NPAhq2kVqlTJkEf1Ef8zHobjWiiJV_U0u4cyYpk7eMqOAqvyYCR-bjE0Hq6nF-wBumr1NItEWmilvQ
12.585264,55.678953,plaza,"<img src=""https://lh3.googleusercontent.com/umsh/AFiHsUHUDsHebuRzxHVNUcA-M5gz1Kuf4wgkjlmA07EP59IRqC2QOCDTmT8vBsacfExlrJmMnpOK4fI_mZs5xvitAnB3FiDSrIUtuVAHMddCXnqHEnO9cGhyy7l5CuHZoqY27IIlu3okG8_sKxSqr7_imuVjYZk-9w5bgPYQksPQLai4_BMb8ASaLZwHP--ah75_A1xYP5eJO_3HXCsJRPH-OAEYSFWJQc0rtTAqtTUwuYYx7YTfDs7rCa1GPa6PmkIVKL8q9idqCMsAmzuTKVDppAZAS4LcafWfBk4do3CmBdDgvdCTnqs5WQSMAZOoDlHmkbAISPZUPI97M9wJ-_EOTHEryzcmcFpa_yknBanB2t8OiBi-PWNWEz7ww38I3biz1l9Vr3mvew5XKrQtGDYX9CBwT51OOu7QElUoRTvMnfpnlGlx8S3PM1oqlLAktfLqhasI6WMqfDKQPyjv-VhSovmkLWipRDi-9aWsZ1em100utmOaBg7voYpptllCOkxNesSehnWLJTGSaImdpQFslzx9oVQST7h0xCABb9absNk_NEOMuOsXBp5KDVUGx2gWUa3a6sO5n53lw8eSkDcx-ZtbjqtL2gG_BbSnh51U8GYsbFxqdk5EGRaV2LSdku6uMEMX05pnorGeRcYGlXCYhHcD4GwwicQgv0F8MOyEYFQ9co3yiERuTfbYus2sLpc4U5eapcE1_o3O"" height=""200"" width=""auto"" /><br><br>More skatespots at www.topspot.global",https://lh3.googleusercontent.com/umsh/AFiHsUHUDsHebuRzxHVNUcA-M5gz1Kuf4wgkjlmA07EP59IRqC2QOCDTmT8vBsacfExlrJmMnpOK4fI_mZs5xvitAnB3FiDSrIUtuVAHMddCXnqHEnO9cGhyy7l5CuHZoqY27IIlu3okG8_sKxSqr7_imuVjYZk-9w5bgPYQksPQLai4_BMb8ASaLZwHP--ah75_A1xYP5eJO_3HXCsJRPH-OAEYSFWJQc0rtTAqtTUwuYYx7YTfDs7rCa1GPa6PmkIVKL8q9idqCMsAmzuTKVDppAZAS4LcafWfBk4do3CmBdDgvdCTnqs5WQSMAZOoDlHmkbAISPZUPI97M9wJ-_EOTHEryzcmcFpa_yknBanB2t8OiBi-PWNWEz7ww38I3biz1l9Vr3mvew5XKrQtGDYX9CBwT51OOu7QElUoRTvMnfpnlGlx8S3PM1oqlLAktfLqhasI6WMqfDKQPyjv-VhSovmkLWipRDi-9aWsZ1em100utmOaBg7voYpptllCOkxNesSehnWLJTGSaImdpQFslzx9oVQST7h0xCABb9absNk_NEOMuOsXBp5KDVUGx2gWUa3a6sO5n53lw8eSkDcx-ZtbjqtL2gG_BbSnh51U8GYsbFxqdk5EGRaV2LSdku6uMEMX05pnorGeRcYGlXCYhHcD4GwwicQgv0F8MOyEYFQ9co3yiERuTfbYus2sLpc4U5eapcE1_o3O
12.598125,55.67392,Wonderland,"<img src=""https://lh3.googleusercontent.com/umsh/AFiHsUGmaK1RK6yWxcxd749x1B9F_sJly6lbRVnbVXAdNMlyhi3y41cBTw8wo56LvmubRzOGXQ5W_b683bQtVrtf_6oDFWQWhC0fLnSrCyRVfdL01ALJNseSK0_ZQ7hjGSvlbAXwtvkfsz0Uv4C_7Z3DQZbYKBW9w4AGWm3wm9UYGb7Z6WXRTJ6RmjvWYdqrnhf-VdMRCqr7W5USyNVF1Vq6TPInZpngHGp02LwfLgLsAaBxXDyhSw3uE44uiinPLdpIc2bcD6A07DLrFUiBQvt2zvfhC5IikKE42WCJXhJXS9SU88-35xcP7naKnauqg3QXyd8p7STb1D1XU3AlcMgdCdD_f9J-5aN7h6D-dzwXpbakspByOFLql4zlJdkmn0Kb84YQJzAxv0Rvn-sDkIOB71BYahU-CC2Tvc9yfRZzh6TiP_GLjI1KGyAa24IeAHeMuY-plJ5nQKyyTjboh5L-ca4xj0zqGdhCQ3g9w3exaic5wy0j801HCoEMfQ2xu_bbtTLJshcVU4f61-RWnEbLdZyeqBZSINFFbstj2ZAYFv6o6CccJ_yeKUIOChrd0qnkHYLpNma47Vhj0S7MOhw7kuT6U9MSfac5Tm_D8hCoJCblpH6EPPkIE_K57NUoq-eyObasORdiLZH4J_JBPlnKUsJo-OP0kgoujuailP41wyAgvDz-92QLjAuvM-BBcnYCxfl7ZvPjUqLX5g"" height=""200"" width=""auto"" /><br><br>More skatespots at www.topspot.global",https://lh3.googleusercontent.com/umsh/AFiHsUGmaK1RK6yWxcxd749x1B9F_sJly6lbRVnbVXAdNMlyhi3y41cBTw8wo56LvmubRzOGXQ5W_b683bQtVrtf_6oDFWQWhC0fLnSrCyRVfdL01ALJNseSK0_ZQ7hjGSvlbAXwtvkfsz0Uv4C_7Z3DQZbYKBW9w4AGWm3wm9UYGb7Z6WXRTJ6RmjvWYdqrnhf-VdMRCqr7W5USyNVF1Vq6TPInZpngHGp02LwfLgLsAaBxXDyhSw3uE44uiinPLdpIc2bcD6A07DLrFUiBQvt2zvfhC5IikKE42WCJXhJXS9SU88-35xcP7naKnauqg3QXyd8p7STb1D1XU3AlcMgdCdD_f9J-5aN7h6D-dzwXpbakspByOFLql4zlJdkmn0Kb84YQJzAxv0Rvn-sDkIOB71BYahU-CC2Tvc9yfRZzh6TiP_GLjI1KGyAa24IeAHeMuY-plJ5nQKyyTjboh5L-ca4xj0zqGdhCQ3g9w3exaic5wy0j801HCoEMfQ2xu_bbtTLJshcVU4f61-RWnEbLdZyeqBZSINFFbstj2ZAYFv6o6CccJ_yeKUIOChrd0qnkHYLpNma47Vhj0S7MOhw7kuT6U9MSfac5Tm_D8hCoJCblpH6EPPkIE_K57NUoq-eyObasORdiLZH4J_JBPlnKUsJo-OP0kgoujuailP41wyAgvDz-92QLjAuvM-BBcnYCxfl7ZvPjUqLX5g
12.569994,55.668293,wheely table,"<img src=""https://lh3.googleusercontent.com/umsh/AFiHsUFwd3Tn8Jw-Vv2nkKhPtgSIca-Xla-TPiQORyw0F8q3wuQ2hbaPCz741yXDk4sNY7IOa3JW5CXwb-fLsFOkroT3Si5rpPVtSJReowgo11UchmPChCZtwZckRWBv3SwXRRBksfgs-wrHCMiEr08MKvr1wDGxxGCbGex67P9udgfphYznRYBUItMnkIIIt4O1YNx1TUGOMqSnH90SP7XOMnbXNzfRpYw77Ip2srfxV542TE0v7VNHAaxNtKWl-hRYBSKBJ5uju5x28Fvlrs0BkM91oCge9Iihn9rZwfRK6lgMXz6u01R7UrUAJdzON1MU5RzVR53B5bodPgp4xPvKrBCnyls4vFlUGmL3l69Nl-SyqOH79rOeYnOEGXfibVCNR9Lfg9IB3d2J-G_thy1pRLAA0rmlpF4OBeIB7aYRxuxwmkRDgOg9WTxkriT9EpDEz0_zFOlF3nJ7VgQ2z2dWsiyvStpcQKi0xCGVOa4K0faFRqGUPqWhUNZJiShuT5TGeNiMJSlpycFEq5k1uhWz6oA1GZa1efK5BeGA7HV1ZlufCwHv9nu5Aa3jOy7i7vstW3jUsA4QRcVhYluUACr19GS8ZW2cJ5WK85HQI24eygU1kyeCTzRrUElVAnwP0cdGcNuMAH8vq1YPHrAmfgYOFX2h52iitnSQhkaTLuAMBICuC6cEJB0FmptpsMmdnmcRRwZiV0PQfMgCHg"" height=""200"" width=""auto"" /><br><br>More skatespots at www.topspot.global",https://lh3.googleusercontent.com/umsh/AFiHsUFwd3Tn8Jw-Vv2nkKhPtgSIca-Xla-TPiQORyw0F8q3wuQ2hbaPCz741yXDk4sNY7IOa3JW5CXwb-fLsFOkroT3Si5rpPVtSJReowgo11UchmPChCZtwZckRWBv3SwXRRBksfgs-wrHCMiEr08MKvr1wDGxxGCbGex67P9udgfphYznRYBUItMnkIIIt4O1YNx1TUGOMqSnH90SP7XOMnbXNzfRpYw77Ip2srfxV542TE0v7VNHAaxNtKWl-hRYBSKBJ5uju5x28Fvlrs0BkM91oCge9Iihn9rZwfRK6lgMXz6u01R7UrUAJdzON1MU5RzVR53B5bodPgp4xPvKrBCnyls4vFlUGmL3l69Nl-SyqOH79rOeYnOEGXfibVCNR9Lfg9IB3d2J-G_thy1pRLAA0rmlpF4OBeIB7aYRxuxwmkRDgOg9WTxkriT9EpDEz0_zFOlF3nJ7VgQ2z2dWsiyvStpcQKi0xCGVOa4K0faFRqGUPqWhUNZJiShuT5TGeNiMJSlpycFEq5k1uhWz6oA1GZa1efK5BeGA7HV1ZlufCwHv9nu5Aa3jOy7i7vstW3jUsA4QRcVhYluUACr19GS8ZW2cJ5WK85HQI24eygU1kyeCTzRrUElVAnwP0cdGcNuMAH8vq1YPHrAmfgYOFX2h52iitnSQhkaTLuAMBICuC6cEJB0FmptpsMmdnmcRRwZiV0PQfMgCHg
12.570192,55.66839,gap,"<img src=""https://lh3.googleusercontent.com/umsh/AFiHsUFh6Ovvy2yzfnDPgubfzh_14y_zBStYwtm7F5wXZCsUNMFOyBOohY3p3wQIHXysgDUPOCHQa9XOKjSfPi3AcOgAHXJcbTd22qbn89Nu3wsRGou3nqq6kOzjqE0C-aaZ8AHjIx0uLvztQEhDdHng2F0sHk1dlcRFb7DsZS46Swngzk7uzTYd3oUSgMPdFZfg7JV2EQRi1JfQTXtyVcJjKRCKUGlYDbTg4VK-QSqEoa--I9zt-iB7qqvp3PcFxbYauIS44MwrBP5JWTJ-toMftGbAT8d_5pdVkRS_PVBoUv4fmFWG_nFRpPoD3HNGMUORtqUQLFxo-TmjL4qhUCOoiO6_DG-uGJIantACKioW9Iy4nVQuUIntC9LHIY0qYuE6Hq4On1gewvRjzWXoO_bGMOnRLyadkCMwIjB5jVO2x6HUfSNOC-JPILuzNJ9-1oNoPD_6v4MU_zbh8riLyhlZMKZJs9Jj9USTXiNSWZC13pcSisy6yzWyU1jatwqsYTUfctvSOzJLsz87k6GGi9aN8REGZFyAkmT37YY8-TpOUJRPFQj16kqXl8F9QqVBczem37bjFvMp65CCG0NRkZtbp5_2SfHJoNaYRHyvs5n6jkS9FOKKtaQUNJeB2WrYRwLZARvmA_NPH9Gth1GyXN6bJHQ7rL7LG42IWMQMdBg34L_AgU2sWamfG3R9WpuSDxx-WQXDKJT4QiX2sA"" height=""200"" width=""auto"" /><br><br>More skatespots at www.topspot.global",https://lh3.googleusercontent.com/umsh/AFiHsUFh6Ovvy2yzfnDPgubfzh_14y_zBStYwtm7F5wXZCsUNMFOyBOohY3p3wQIHXysgDUPOCHQa9XOKjSfPi3AcOgAHXJcbTd22qbn89Nu3wsRGou3nqq6kOzjqE0C-aaZ8AHjIx0uLvztQEhDdHng2F0sHk1dlcRFb7DsZS46Swngzk7uzTYd3oUSgMPdFZfg7JV2EQRi1JfQTXtyVcJjKRCKUGlYDbTg4VK-QSqEoa--I9zt-iB7qqvp3PcFxbYauIS44MwrBP5JWTJ-toMftGbAT8d_5pdVkRS_PVBoUv4fmFWG_nFRpPoD3HNGMUORtqUQLFxo-TmjL4qhUCOoiO6_DG-uGJIantACKioW9Iy4nVQuUIntC9LHIY0qYuE6Hq4On1gewvRjzWXoO_bGMOnRLyadkCMwIjB5jVO2x6HUfSNOC-JPILuzNJ9-1oNoPD_6v4MU_zbh8riLyhlZMKZJs9Jj9USTXiNSWZC13pcSisy6yzWyU1jatwqsYTUfctvSOzJLsz87k6GGi9aN8REGZFyAkmT37YY8-TpOUJRPFQj16kqXl8F9QqVBczem37bjFvMp65CCG0NRkZtbp5_2SfHJoNaYRHyvs5n6jkS9FOKKtaQUNJeB2WrYRwLZARvmA_NPH9Gth1GyXN6bJHQ7rL7LG42IWMQMdBg34L_AgU2sWamfG3R9WpuSDxx-WQXDKJT4QiX2sA
12.570541,55.668039,low to high rail,"<img src=""https://lh3.googleusercontent.com/umsh/AFiHsUEleyW3gOQgZRFfViWQDI6vJ34bG_f7OsLcIbTDaVEZ0maX-b3aJaQzlN2PayxQDv5tntNnOQB0S8stGoJidqo2_Rf-LzEcbVcHYGFzRwuuk9uLgA0PGhmikbzRi_L6ZdnXv9fKhv06oKyQWQf9RUGhHhRh_-_7FhE7bbSW_R4rv5qywd3Gl9GouoFSHimTDLdwCtZB_zhisjr2_S51rIYP1M6rCoIzYvQCQtMJ3Oubus9lxM5RqhNwE415C5ii2FMSxcxs14zleolHW8UA1eAzjlC0Io9W_ptK4rbI10yb6tsDZZ7ERFhDS24WMjWKmuuqzWwhAPRcMzSjCvX9jh1x5ZanRdvU7PLCagDHnEvFs3vc57n1pydZDO5JhDxFI9La18pRdUr6jbQG9FSJfO7ffRCwIybxwcLqE_kbToPGr9706TJ_-FDcizTdd7bZK8KDs2Ud8vyN-1EPmTEG6cBluq2_f9jBWyRKEvRYw7qKRwzYCV9GQsfTKAt5-oXFPI3TeNko9vaWG8JyCvfn1OVB7i0XUPraWx6VxPUqh16aGJl6VpBZuK5K46qEA1TfcqzlcmXFOkUd4nlPtO3QWsQq_B9SZfXOregvf8gEM1tdOKKE2owSYsfSS8fTfn_taRjft07rE63k_Qy1lmUUFo0moxwmgyGqCpacJVoteYhtaL3evNHli-h15uPTr5sNnzEH656vEIszVQ"" height=""200"" width=""auto"" /><br><br>More skatespots at www.topspot.global",https://lh3.googleusercontent.com/umsh/AFiHsUEleyW3gOQgZRFfViWQDI6vJ34bG_f7OsLcIbTDaVEZ0maX-b3aJaQzlN2PayxQDv5tntNnOQB0S8stGoJidqo2_Rf-LzEcbVcHYGFzRwuuk9uLgA0PGhmikbzRi_L6ZdnXv9fKhv06oKyQWQf9RUGhHhRh_-_7FhE7bbSW_R4rv5qywd3Gl9GouoFSHimTDLdwCtZB_zhisjr2_S51rIYP1M6rCoIzYvQCQtMJ3Oubus9lxM5RqhNwE415C5ii2FMSxcxs14zleolHW8UA1eAzjlC0Io9W_ptK4rbI10yb6tsDZZ7ERFhDS24WMjWKmuuqzWwhAPRcMzSjCvX9jh1x5ZanRdvU7PLCagDHnEvFs3vc57n1pydZDO5JhDxFI9La18pRdUr6jbQG9FSJfO7ffRCwIybxwcLqE_kbToPGr9706TJ_-FDcizTdd7bZK8KDs2Ud8vyN-1EPmTEG6cBluq2_f9jBWyRKEvRYw7qKRwzYCV9GQsfTKAt5-oXFPI3TeNko9vaWG8JyCvfn1OVB7i0XUPraWx6VxPUqh16aGJl6VpBZuK5K46qEA1TfcqzlcmXFOkUd4nlPtO3QWsQq_B9SZfXOregvf8gEM1tdOKKE2owSYsfSS8fTfn_taRjft07rE63k_Qy1lmUUFo0moxwmgyGqCpacJVoteYhtaL3evNHli-h15uPTr5sNnzEH656vEIszVQ
12.515083,55.706229,plaza,"<img src=""https://lh3.googleusercontent.com/umsh/AFiHsUGt6Gyk4XRUXq1r8zXO7hCeJaTa7CeyNOA4-XUTq6999Yri1u9MufzAIQ7Ri1WwscDP0-V1qoC6ZlOcZUrPo90pGgGklIOqdVN8Yy8drJK9Q8w4oVvCYvKZ5buKHNi225sFopbqMTEC-FYCtEskvVl2Q1mUJjRexJFqIWeZbN-apJiQbh18zEo4OSIH0dgLNmg8K2ROFV7sobjWrsva-lFCORlouj1tS88dF-Vfuw330kXG0Q5bHvJiQIYyw-qmW3vlcj_LF0YN2cTqc1WjkX6LlQ9RFhHcLc1XR81HrOMIG0d6eVpV_AlM3lmkSsXZfyaMQ9-jQGaEHFUExWpzGJC_So6C6_vsukpLqZU_59nUcc7cS0wg3bACRMBmkAS7aByKv6u3cl2aFxFt8qwvOwFJSSGZp4kF6g1GYuxt1pYhvRGfET5OvmslMPQRb7RqewQ0GCZoSqHmcwiQcwTTq0Sm1CI_PiHM1njwiVVrwJHGdmWiC_HSlat2LZO8s51mIs3CH-La7EQinLUA5aUgFpfU1i-jVFYjL04ha5JYJBqxXitEXDhXtHs3uecQfKvG75s-1zpiQj8S2wViIC7wqpWsd5PztwltMGAj42F78uNyS07miJIoZ1MLxJJyttdtAnsCGRM6Pl8zgoMfok3dR1wTQqRjagzBzbijVVdTApWX5_G-Ehu3H4x47pcUhVVtjcZkZ9UbtG4e8g"" height=""200"" width=""auto"" /><br><br>More skatespots at www.topspot.global",https://lh3.googleusercontent.com/umsh/AFiHsUGt6Gyk4XRUXq1r8zXO7hCeJaTa7CeyNOA4-XUTq6999Yri1u9MufzAIQ7Ri1WwscDP0-V1qoC6ZlOcZUrPo90pGgGklIOqdVN8Yy8drJK9Q8w4oVvCYvKZ5buKHNi225sFopbqMTEC-FYCtEskvVl2Q1mUJjRexJFqIWeZbN-apJiQbh18zEo4OSIH0dgLNmg8K2ROFV7sobjWrsva-lFCORlouj1tS88dF-Vfuw330kXG0Q5bHvJiQIYyw-qmW3vlcj_LF0YN2cTqc1WjkX6LlQ9RFhHcLc1XR81HrOMIG0d6eVpV_AlM3lmkSsXZfyaMQ9-jQGaEHFUExWpzGJC_So6C6_vsukpLqZU_59nUcc7cS0wg3bACRMBmkAS7aByKv6u3cl2aFxFt8qwvOwFJSSGZp4kF6g1GYuxt1pYhvRGfET5OvmslMPQRb7RqewQ0GCZoSqHmcwiQcwTTq0Sm1CI_PiHM1njwiVVrwJHGdmWiC_HSlat2LZO8s51mIs3CH-La7EQinLUA5aUgFpfU1i-jVFYjL04ha5JYJBqxXitEXDhXtHs3uecQfKvG75s-1zpiQj8S2wViIC7wqpWsd5PztwltMGAj42F78uNyS07miJIoZ1MLxJJyttdtAnsCGRM6Pl8zgoMfok3dR1wTQqRjagzBzbijVVdTApWX5_G-Ehu3H4x47pcUhVVtjcZkZ9UbtG4e8g
12.567994,55.682676,quarter,"<img src=""https://lh3.googleusercontent.com/umsh/AFiHsUEw0d-GhlO8PQvpH2ZGrG1AowUIzs5z11xd72swOl4enl72_MK8BvNGA5Vfuba_kQZdSZWRizM9swSnXdRYb5NGw8c1t1414_bW56ZdDbVM8ZWqh3KjAPsGkATHjp0NJWbRlSWk8IbxLzMLp5T6F9smN4CThC0p3u8-_43-JZo4HIXN_JqdPYw4Oqy86PQlgG9yeUGPINifLHFaIMl2CDBJ1pWQJb2gy2sS4xZGamg6Mfoo0eRNTmLVRhJ_hWw5u9SZGLNjGNCJ577LsuPWTrAKQskLPB-OGfwaKaFPDEeWXNE3wqNV4mCV5ipOP6mC5LPEsR3Mc2_BpL_bcc9Q-OcgO92EnPZwK4LN6LpbGQyWlNQo7ChTf0o3m15iCv1rOKffqXHVBimkI0f9XOQPEPrBrF4poXqj5hKMOLjFoX5TceYqY91PFXyxsrl8N1HjXQ8shCw0YF5CiNqT6MvsveIZ-SWS-yQrvU3SgyaxWf0bgxs4atgdqdKd4FOvNA037KFye8dvY2rWiiOIkCXoNnsClAkVDTu0VqBvyOJAbKvtLvN3I6lbdM3HuqNYA5xcb7sRD2vSRyQRQCmfFfssk2hkRe6rU7HomoaJCvyvJrNfOwxVO5ZriErdiKscL9PCh0ZBjaRiaRNTH3XfTu8k5kswOs7xnlfX8h4zCkFydzAvwldEa7XZp9tF_lDAXCE29G-Pw8IZ26GeBg"" height=""200"" width=""auto"" /><br><br>More skatespots at www.topspot.global<br><br><img src=""https://lh3.googleusercontent.com/umsh/AFiHsUHaXPhYnAmiJDWqhSaxfasybb-PFMVizieuYZ8l8ZBeFH1mHC-VSK4X3B8MgNpW6tHIv7xYZu9H0dzvEIfZxrMzJ4IRqYfFEjCI5VNC8gbPMtBdbK2QzZDM_cEL1cSpnrx6w4un9iisDy411qayM5IQfqrp2hS8lm-dp4E7ZdMazrtztQBTfYGknhSYEbwePd6Z0IxNES42MU66zCSgiiekRqcnxYaloQE83WeMs63yGrzxwET1DdYW8eAYS_wIqL91PoZYr88Isg89WQfj_Tw5ns1OKSmuTZ_Ivg8ZbB1stDbVhL7KJEbz9FjPv8zxxK7gslMD54jtNlqiDON1zGh5R_yU_UQUYIraXN4QaKifozdWmNVDN0SFBe-oNPoG1tD5y9_MqOJE0gKrTGIKkZXrFzwud2aLyNjkmvxbOtbQNdixtFVuICcEsgI5BPQA6dmNm01Y3u_blWh6_2KbXIgJZwgo_KlTn1RCDJb0dABxo1mLWQF8E0Dxs5Snf3HKsoaxZHFZbJqYsZ4idevSXi9M2uifMU9tsThJGsL0lukp1RZfmqivsDV11RO1-Tq_k3lb4Xa02jimMI37uGBZ9JMEs1epM5BDZ0F1xSVvHuM-6hEcFru-Moz61GS-GdB9LU0yDzUgRX6g6FkESQSlwdXebWfn4afnDz7p9XhsVqAER8UVcUlqCArXry4K6pGA7RM05gus0Z7I"" height=""200"" width=""auto"" />",https://lh3.googleusercontent.com/umsh/AFiHsUEw0d-GhlO8PQvpH2ZGrG1AowUIzs5z11xd72swOl4enl72_MK8BvNGA5Vfuba_kQZdSZWRizM9swSnXdRYb5NGw8c1t1414_bW56ZdDbVM8ZWqh3KjAPsGkATHjp0NJWbRlSWk8IbxLzMLp5T6F9smN4CThC0p3u8-_43-JZo4HIXN_JqdPYw4Oqy86PQlgG9yeUGPINifLHFaIMl2CDBJ1pWQJb2gy2sS4xZGamg6Mfoo0eRNTmLVRhJ_hWw5u9SZGLNjGNCJ577LsuPWTrAKQskLPB-OGfwaKaFPDEeWXNE3wqNV4mCV5ipOP6mC5LPEsR3Mc2_BpL_bcc9Q-OcgO92EnPZwK4LN6LpbGQyWlNQo7ChTf0o3m15iCv1rOKffqXHVBimkI0f9XOQPEPrBrF4poXqj5hKMOLjFoX5TceYqY91PFXyxsrl8N1HjXQ8shCw0YF5CiNqT6MvsveIZ-SWS-yQrvU3SgyaxWf0bgxs4atgdqdKd4FOvNA037KFye8dvY2rWiiOIkCXoNnsClAkVDTu0VqBvyOJAbKvtLvN3I6lbdM3HuqNYA5xcb7sRD2vSRyQRQCmfFfssk2hkRe6rU7HomoaJCvyvJrNfOwxVO5ZriErdiKscL9PCh0ZBjaRiaRNTH3XfTu8k5kswOs7xnlfX8h4zCkFydzAvwldEa7XZp9tF_lDAXCE29G-Pw8IZ26GeBg https://lh3.googleusercontent.com/umsh/AFiHsUHaXPhYnAmiJDWqhSaxfasybb-PFMVizieuYZ8l8ZBeFH1mHC-VSK4X3B8MgNpW6tHIv7xYZu9H0dzvEIfZxrMzJ4IRqYfFEjCI5VNC8gbPMtBdbK2QzZDM_cEL1cSpnrx6w4un9iisDy411qayM5IQfqrp2hS8lm-dp4E7ZdMazrtztQBTfYGknhSYEbwePd6Z0IxNES42MU66zCSgiiekRqcnxYaloQE83WeMs63yGrzxwET1DdYW8eAYS_wIqL91PoZYr88Isg89WQfj_Tw5ns1OKSmuTZ_Ivg8ZbB1stDbVhL7KJEbz9FjPv8zxxK7gslMD54jtNlqiDON1zGh5R_yU_UQUYIraXN4QaKifozdWmNVDN0SFBe-oNPoG1tD5y9_MqOJE0gKrTGIKkZXrFzwud2aLyNjkmvxbOtbQNdixtFVuICcEsgI5BPQA6dmNm01Y3u_blWh6_2KbXIgJZwgo_KlTn1RCDJb0dABxo1mLWQF8E0Dxs5Snf3HKsoaxZHFZbJqYsZ4idevSXi9M2uifMU9tsThJGsL0lukp1RZfmqivsDV11RO1-Tq_k3lb4Xa02jimMI37uGBZ9JMEs1epM5BDZ0F1xSVvHuM-6hEcFru-Moz61GS-GdB9LU0yDzUgRX6g6FkESQSlwdXebWfn4afnDz7p9XhsVqAER8UVcUlqCArXry4K6pGA7RM05gus0Z7I
12.569153,55.683147,israel plaza,"<img src=""https://lh3.googleusercontent.com/umsh/AFiHsUGvbneCuNWM0ExPKU2dH0wnKLUc3zzjMsGFvsI9ky5RlH3X04hM-Jncq_ArtAnJp0xHpVaBYmE5DXCrTBog4wEuK-J1KQh3S-WpcJF0n0z3xuHnMg6msoUvCJQSTPbogJ8cegjVt5AfwXf8BEMm1MjOVyVdUAX0B0-8pGCj2kF3G_fF5yT1tf2_vt5BqLFbBsROB32KiUj6eMqvgOE68KiL7PFxWCmJDnbKY-5Ik1pO1NrfdX-dZOggXKwZVS6RhTtXgwpNLGsqi6PLdgsltCgvRjNU-vXl33kuqPYss8qCHYb4UcLJPVOLvmT88DXXoF8r4lwE4pNIuLKU9qpl8sXrLjulRfhy4vVZDV6-_h9R06BuxInTYT8quDK2DOF9LUd54UwjgkQOa32Fg4tS6qxxRZNn9LYjnVaX0urP3R2u-wC29UvcR_7SuNpc30F6qMISd3ifC8PeEIdP0MKI6twEf2ml7DOEYNPJobafOBmN8IKBVfbqnKU8js-paCnV5Md-To2Ijw34PG6duZJnI-ijkBLZhbyt2sc_h6vVJtSNgo27-i25BXGKFSWpR8XxIZ3AEVXRYx4tCqLEGWOstnA3H1VGsJEWGkW-UBMsrndYF1s-n7O16n8vcsq84--MrO3PcmHF_WBJ8uiGEMeRZJmNgxpdSVjjcOhJaWZ_KqUgKW2nLSBtTTSwYriIY3lrV2CClLzX_gUJRQ"" height=""200"" width=""auto"" /><br><br>More skatespots at www.topspot.global",https://lh3.googleusercontent.com/umsh/AFiHsUGvbneCuNWM0ExPKU2dH0wnKLUc3zzjMsGFvsI9ky5RlH3X04hM-Jncq_ArtAnJp0xHpVaBYmE5DXCrTBog4wEuK-J1KQh3S-WpcJF0n0z3xuHnMg6msoUvCJQSTPbogJ8cegjVt5AfwXf8BEMm1MjOVyVdUAX0B0-8pGCj2kF3G_fF5yT1tf2_vt5BqLFbBsROB32KiUj6eMqvgOE68KiL7PFxWCmJDnbKY-5Ik1pO1NrfdX-dZOggXKwZVS6RhTtXgwpNLGsqi6PLdgsltCgvRjNU-vXl33kuqPYss8qCHYb4UcLJPVOLvmT88DXXoF8r4lwE4pNIuLKU9qpl8sXrLjulRfhy4vVZDV6-_h9R06BuxInTYT8quDK2DOF9LUd54UwjgkQOa32Fg4tS6qxxRZNn9LYjnVaX0urP3R2u-wC29UvcR_7SuNpc30F6qMISd3ifC8PeEIdP0MKI6twEf2ml7DOEYNPJobafOBmN8IKBVfbqnKU8js-paCnV5Md-To2Ijw34PG6duZJnI-ijkBLZhbyt2sc_h6vVJtSNgo27-i25BXGKFSWpR8XxIZ3AEVXRYx4tCqLEGWOstnA3H1VGsJEWGkW-UBMsrndYF1s-n7O16n8vcsq84--MrO3PcmHF_WBJ8uiGEMeRZJmNgxpdSVjjcOhJaWZ_KqUgKW2nLSBtTTSwYriIY3lrV2CClLzX_gUJRQ
12.52561,55.710341,plaza,"<img src=""https://lh3.googleusercontent.com/umsh/AFiHsUFqag3Xfc6miQYEfcKaKZX5J7HJtIqMQ_sq-itWZzE7WqGcPR_lLKyNbfd-Sts9fc4ByjLTOwqSNFG-_p_8iKetPHmq3YvLDtKwTN8CQY8z0is5H6clP0z-FWPe2wsBZBdawuMVcANAMYwL4jMU7rnUBRonNsJFEI5mZmxpqsbjdVKaG_vP4gHRHXc6bOZzxoX3FoJ6fL79SsN4EHXyb815u_zDzX9pDxVunFue0oHHYcwUJ2pxD98ht9QAUNGc_h_zlD629hRhmvFl2GPU2mJ7F_V6Wb7S7E8tiJSD_n67jF8p1pGzhRv0DKcDW41g4Cp5DnavSRRVqJk3T3YaXkGfh8KMPcJcbsAPMX2v4aSu8dmiTfrqaQ27WdAiFURncxX7ksYqOA8TYjvAtAKDMCy5FEDnn6zmINTMfLRWqhIgvylsn-4W7L08gMQhIHYZlSKfZ0vpYZQMOhKGYyskEISBAgRD0wrNXpnbljG5UjaXLZSfdH1yVFrWTUP65zfiZPJjI0S_S9HiZLbrqrEyj1rj1nmHqgAiHw8oRVlMQda-i4ERB7PqEGXbHAEKJDPvL4hQVAiAtEzI6F8HGucjqIrQbUXQOgfclYvm7KJQn6P5tyqtQbCFzjYQFvuAr8DvFre5Hp5e73zmd2vF5w_cgJ3ZBSobFuSpHxydCKfFNtj_XOuCrib3aX7x1SxYJMvykxNoLh8THrEpvg"" height=""200"" width=""auto"" /><br><br>More skatespots at www.topspot.global",https://lh3.googleusercontent.com/umsh/AFiHsUFqag3Xfc6miQYEfcKaKZX5J7HJtIqMQ_sq-itWZzE7WqGcPR_lLKyNbfd-Sts9fc4ByjLTOwqSNFG-_p_8iKetPHmq3YvLDtKwTN8CQY8z0is5H6clP0z-FWPe2wsBZBdawuMVcANAMYwL4jMU7rnUBRonNsJFEI5mZmxpqsbjdVKaG_vP4gHRHXc6bOZzxoX3FoJ6fL79SsN4EHXyb815u_zDzX9pDxVunFue0oHHYcwUJ2pxD98ht9QAUNGc_h_zlD629hRhmvFl2GPU2mJ7F_V6Wb7S7E8tiJSD_n67jF8p1pGzhRv0DKcDW41g4Cp5DnavSRRVqJk3T3YaXkGfh8KMPcJcbsAPMX2v4aSu8dmiTfrqaQ27WdAiFURncxX7ksYqOA8TYjvAtAKDMCy5FEDnn6zmINTMfLRWqhIgvylsn-4W7L08gMQhIHYZlSKfZ0vpYZQMOhKGYyskEISBAgRD0wrNXpnbljG5UjaXLZSfdH1yVFrWTUP65zfiZPJjI0S_S9HiZLbrqrEyj1rj1nmHqgAiHw8oRVlMQda-i4ERB7PqEGXbHAEKJDPvL4hQVAiAtEzI6F8HGucjqIrQbUXQOgfclYvm7KJQn6P5tyqtQbCFzjYQFvuAr8DvFre5Hp5e73zmd2vF5w_cgJ3ZBSobFuSpHxydCKfFNtj_XOuCrib3aX7x1SxYJMvykxNoLh8THrEpvg
